booking_date,start_date,end_date,listing,guest,nights,gross_earnings,price_per_night,lead_time,month,weekday,weekday_dept,is_weekend
2022-02-25,2022-02-25,2022-03-06,Room 10,1,9.0,10800.0,1200.0,0,2,Friday,Sunday,False
2022-02-26,2022-02-26,2022-02-27,Room 3,2,1.0,800.0,800.0,0,2,Saturday,Sunday,True
2022-02-27,2022-02-27,2022-03-01,Room 6,3,2.0,1680.0,840.0,0,2,Sunday,Tuesday,True
2022-02-27,2022-02-27,2022-02-28,Room 3,4,1.0,800.0,800.0,0,2,Sunday,Monday,True
2022-02-28,2022-03-01,2022-03-03,Room 3,5,2.0,2080.0,1040.0,1,3,Tuesday,Thursday,False
2022-03-01,2022-03-01,2022-03-02,Room 8,6,1.0,824.0,824.0,0,3,Tuesday,Wednesday,False
2022-03-01,2022-03-01,2022-03-07,Room 7,7,6.0,5040.0,840.0,0,3,Tuesday,Monday,False
2022-02-27,2022-03-02,2022-03-05,Room 6,8,3.0,2394.0,798.0,3,3,Wednesday,Saturday,False
2022-03-05,2022-03-05,2022-03-06,Room 6,10,1.0,880.0,880.0,0,3,Saturday,Sunday,True
2022-03-03,2022-03-05,2022-03-07,Room 12,9,2.0,1600.0,800.0,2,3,Saturday,Monday,True
2022-03-05,2022-03-06,2022-03-07,Room 10,11,1.0,880.0,880.0,1,3,Sunday,Monday,True
2022-03-05,2022-03-06,2022-03-09,Room 5,12,3.0,2400.0,800.0,1,3,Sunday,Wednesday,True
2022-03-04,2022-03-07,2022-03-09,Room 12,13,2.0,1600.0,800.0,3,3,Monday,Wednesday,False
2022-03-07,2022-03-07,2022-03-09,Room 10,14,2.0,1760.0,880.0,0,3,Monday,Wednesday,False
2022-03-08,2022-03-09,2022-03-11,Room 10,15,2.0,2800.0,1400.0,1,3,Wednesday,Friday,False
2022-03-08,2022-03-09,2022-03-10,Room 12,16,1.0,1000.0,1000.0,1,3,Wednesday,Thursday,False
2022-03-05,2022-03-11,2022-03-13,Room 12,19,2.0,1600.0,800.0,6,3,Friday,Sunday,False
2022-03-11,2022-03-11,2022-03-12,Room 5,17,1.0,848.0,848.0,0,3,Friday,Saturday,False
2022-03-05,2022-03-11,2022-03-12,Room 9,18,1.0,840.0,840.0,6,3,Friday,Saturday,False
2022-03-12,2022-03-12,2022-03-16,Room 8,20,4.0,3256.0,814.0,0,3,Saturday,Wednesday,True
2022-03-12,2022-03-13,2022-03-16,Room 6,21,3.0,3000.0,1000.0,1,3,Sunday,Wednesday,True
2022-03-13,2022-03-13,2022-03-14,Room 9,22,1.0,960.0,960.0,0,3,Sunday,Monday,True
2022-03-12,2022-03-13,2022-03-16,Room 2,23,3.0,3900.0,1300.0,1,3,Sunday,Wednesday,True
2022-03-07,2022-03-14,2022-03-17,Room 7,24,3.0,2400.0,800.0,7,3,Monday,Thursday,False
2022-03-15,2022-03-15,2022-03-16,Room 10,25,1.0,980.0,980.0,0,3,Tuesday,Wednesday,False
2022-03-12,2022-03-16,2022-03-18,Room 6,26,2.0,2000.0,1000.0,4,3,Wednesday,Friday,False
2022-03-09,2022-03-16,2022-03-19,Room 12,27,3.0,3000.0,1000.0,7,3,Wednesday,Saturday,False
2022-03-16,2022-03-17,2022-03-19,Room 5,28,2.0,1800.0,900.0,1,3,Thursday,Saturday,False
2022-03-07,2022-03-18,2022-03-19,Room 7,29,1.0,800.0,800.0,11,3,Friday,Saturday,False
2022-03-12,2022-03-18,2022-03-21,Room 10,30,3.0,4200.0,1400.0,6,3,Friday,Monday,False
2022-03-19,2022-03-19,2022-03-20,Room 8,31,1.0,1190.0,1190.0,0,3,Saturday,Sunday,True
2022-03-19,2022-03-19,2022-03-20,Room 12,32,1.0,1400.0,1400.0,0,3,Saturday,Sunday,True
2022-03-20,2022-03-20,2022-03-21,Room 12,33,1.0,1500.0,1500.0,0,3,Sunday,Monday,True
2022-03-21,2022-03-21,2022-03-22,Room 6,35,1.0,1000.0,1000.0,0,3,Monday,Tuesday,False
2022-03-20,2022-03-21,2022-03-22,Room 12,36,1.0,1100.0,1100.0,1,3,Monday,Tuesday,False
2022-03-10,2022-03-21,2022-03-24,Room 8,34,3.0,2400.0,800.0,11,3,Monday,Thursday,False
2022-03-23,2022-03-23,2022-03-25,Room 7,37,2.0,1800.0,900.0,0,3,Wednesday,Friday,False
2022-03-24,2022-03-24,2022-03-25,Room 6,38,1.0,1000.0,1000.0,0,3,Thursday,Friday,False
2022-03-25,2022-03-25,2022-03-28,Room 10,39,3.0,3300.0,1100.0,0,3,Friday,Monday,False
2022-03-25,2022-03-26,2022-03-27,Room 6,40,1.0,1050.0,1050.0,1,3,Saturday,Sunday,True
2022-03-24,2022-03-26,2022-03-28,Room 12,41,2.0,1500.0,750.0,2,3,Saturday,Monday,True
2022-03-27,2022-03-27,2022-03-30,Room 12,42,3.0,3200.0,1066.6666666666667,0,3,Sunday,Wednesday,True
2022-03-27,2022-03-28,2022-03-29,Room 8,46,1.0,870.0,870.0,1,3,Monday,Tuesday,False
2022-03-28,2022-03-28,2022-03-29,Room 10,45,1.0,1100.0,1100.0,0,3,Monday,Tuesday,False
2022-03-28,2022-03-28,2022-03-29,Room 5,44,1.0,900.0,900.0,0,3,Monday,Tuesday,False
2022-03-28,2022-03-28,2022-03-29,Room 7,43,1.0,970.0,970.0,0,3,Monday,Tuesday,False
2022-03-29,2022-03-29,2022-03-30,Room 7,47,1.0,970.0,970.0,0,3,Tuesday,Wednesday,False
2022-03-28,2022-03-29,2022-03-30,Room 5,44,1.0,900.0,900.0,1,3,Tuesday,Wednesday,False
2022-03-30,2022-03-30,2022-03-31,Room 7,48,1.0,970.0,970.0,0,3,Wednesday,Thursday,False
2022-03-29,2022-03-30,2022-03-31,Room 8,49,1.0,900.0,900.0,1,3,Wednesday,Thursday,False
2022-03-31,2022-03-31,2022-04-01,Room 6,50,1.0,1050.0,1050.0,0,3,Thursday,Friday,False
2022-04-02,2022-04-02,2022-04-04,Room 12,51,2.0,1900.0,950.0,0,4,Saturday,Monday,True
2022-04-03,2022-04-03,2022-04-04,Room 8,53,1.0,990.0,990.0,0,4,Sunday,Monday,True
2022-04-03,2022-04-03,2022-04-05,Room 12,52,2.0,2050.0,1025.0,0,4,Sunday,Tuesday,True
2022-04-04,2022-04-04,2022-04-06,Room 8,54,2.0,2000.0,1000.0,0,4,Monday,Wednesday,False
2022-04-06,2022-04-06,2022-04-07,Room 10,55,1.0,970.0,970.0,0,4,Wednesday,Thursday,False
2022-04-06,2022-04-07,2022-04-12,Room 2,56,5.0,6500.0,1300.0,1,4,Thursday,Tuesday,False
2022-04-07,2022-04-07,2022-04-08,Room 8,57,1.0,1000.0,1000.0,0,4,Thursday,Friday,False
2022-04-08,2022-04-08,2022-04-09,Room 8,58,1.0,1000.0,1000.0,0,4,Friday,Saturday,False
2022-04-09,2022-04-10,2022-04-12,Room 6,59,2.0,2300.0,1150.0,1,4,Sunday,Tuesday,True
2022-04-06,2022-04-10,2022-04-11,Room 8,60,1.0,1500.0,1500.0,4,4,Sunday,Monday,True
2022-04-13,2022-04-13,2022-04-14,Room 7,61,1.0,980.0,980.0,0,4,Wednesday,Thursday,False
2022-04-10,2022-04-13,2022-04-14,Room 8,62,1.0,1000.0,1000.0,3,4,Wednesday,Thursday,False
2022-04-14,2022-04-14,2022-04-16,Room 8,63,2.0,3000.0,1500.0,0,4,Thursday,Saturday,False
2022-04-15,2022-04-16,2022-04-18,Room 6,64,2.0,2500.0,1250.0,1,4,Saturday,Monday,True
2022-04-13,2022-04-16,2022-04-17,Room 8,65,1.0,1750.0,1750.0,3,4,Saturday,Sunday,True
2022-04-16,2022-04-17,2022-04-19,Room 8,66,2.0,2000.0,1000.0,1,4,Sunday,Tuesday,True
2022-04-16,2022-04-17,2022-04-18,Room 10,67,1.0,1000.0,1000.0,1,4,Sunday,Monday,True
2022-04-17,2022-04-18,2022-04-22,Room 6,68,4.0,4000.0,1000.0,1,4,Monday,Friday,False
2022-04-18,2022-04-19,2022-04-21,Room 12,69,2.0,2400.0,1200.0,1,4,Tuesday,Thursday,False
2022-04-20,2022-04-21,2022-04-23,Room 7,70,2.0,2000.0,1000.0,1,4,Thursday,Saturday,False
2022-04-13,2022-04-23,2022-04-25,Room 7,72,2.0,2700.0,1350.0,10,4,Saturday,Monday,True
2022-04-23,2022-04-23,2022-04-26,Room 8,71,3.0,3400.0,1133.3333333333333,0,4,Saturday,Tuesday,True
2022-04-24,2022-04-24,2022-04-25,Room 12,73,1.0,1150.0,1150.0,0,4,Sunday,Monday,True
2022-04-26,2022-04-26,2022-05-02,Room 6,74,6.0,8200.0,1366.6666666666667,0,4,Tuesday,Monday,False
2022-04-30,2022-04-30,2022-05-01,Room 5,75,1.0,1000.0,1000.0,0,4,Saturday,Sunday,True
2022-05-02,2022-05-02,2022-05-07,Room 7,76,5.0,6500.0,1300.0,0,5,Monday,Saturday,False
2022-05-02,2022-05-02,2022-05-03,Room 8,77,1.0,1500.0,1500.0,0,5,Monday,Tuesday,False
2022-05-04,2022-05-04,2022-05-05,Room 6,78,1.0,1200.0,1200.0,0,5,Wednesday,Thursday,False
2022-05-01,2022-05-04,2022-05-07,Room 8,79,3.0,3900.0,1300.0,3,5,Wednesday,Saturday,False
2022-05-04,2022-05-05,2022-05-06,Room 6,80,1.0,1200.0,1200.0,1,5,Thursday,Friday,False
2022-05-09,2022-05-09,2022-05-10,Room 6,81,1.0,1300.0,1300.0,0,5,Monday,Tuesday,False
2022-05-11,2022-05-11,2022-05-15,Room 8,82,4.0,5800.0,1450.0,0,5,Wednesday,Sunday,False
2022-05-16,2022-05-17,2022-05-31,Room 11,83,14.0,22400.0,1600.0,1,5,Tuesday,Tuesday,False
2022-05-27,2022-05-28,2022-05-30,Room 7,84,2.0,2200.0,1100.0,1,5,Saturday,Monday,True
2022-05-28,2022-05-28,2022-05-29,Room 12,85,1.0,1100.0,1100.0,0,5,Saturday,Sunday,True
2022-05-28,2022-05-29,2022-05-31,Room 8,86,2.0,2160.0,1080.0,1,5,Sunday,Tuesday,True
2022-05-29,2022-05-29,2022-05-30,Room 6,87,1.0,1100.0,1100.0,0,5,Sunday,Monday,True
2022-05-29,2022-05-31,2022-06-05,Room 6,83,5.0,5500.0,1100.0,2,5,Tuesday,Sunday,False
2022-06-01,2022-06-02,2022-06-03,Room 8,88,1.0,1150.0,1150.0,1,6,Thursday,Friday,False
2022-06-05,2022-06-06,2022-06-07,Room 6,89,1.0,1000.0,1000.0,1,6,Monday,Tuesday,False
2022-06-07,2022-06-10,2022-06-13,Room 6,90,3.0,3150.0,1050.0,3,6,Friday,Monday,False
2022-06-10,2022-06-14,2022-06-18,Room 6,91,4.0,4200.0,1050.0,4,6,Tuesday,Saturday,False
2022-06-14,2022-06-15,2022-06-17,Room 8,92,2.0,2040.0,1020.0,1,6,Wednesday,Friday,False
2022-06-16,2022-06-16,2022-06-17,Room 9,93,1.0,1200.0,1200.0,0,6,Thursday,Friday,False
2022-06-14,2022-06-16,2022-06-17,Room 7,94,1.0,1000.0,1000.0,2,6,Thursday,Friday,False
2022-06-18,2022-06-18,2022-06-21,Room 7,95,3.0,3000.0,1000.0,0,6,Saturday,Tuesday,True
2022-06-16,2022-06-18,2022-06-19,Room 6,96,1.0,1050.0,1050.0,2,6,Saturday,Sunday,True
2022-06-19,2022-06-19,2022-06-20,Room 6,97,1.0,1050.0,1050.0,0,6,Sunday,Monday,True
2022-06-25,2022-06-25,2022-06-26,Room 6,98,1.0,1050.0,1050.0,0,6,Saturday,Sunday,True
2022-06-26,2022-06-26,2022-06-27,Room 8,99,1.0,1000.0,1000.0,0,6,Sunday,Monday,True
2022-06-30,2022-06-30,2022-07-03,Room 6,100,3.0,3150.0,1050.0,0,6,Thursday,Sunday,False
2022-06-17,2022-07-01,2022-07-02,Room 7,101,1.0,1100.0,1100.0,14,7,Friday,Saturday,False
2022-07-02,2022-07-07,2022-07-08,Room 7,101,1.0,1100.0,1100.0,5,7,Thursday,Friday,False
2022-07-13,2022-07-14,2022-07-15,Room 6,102,1.0,1050.0,1050.0,1,7,Thursday,Friday,False
2022-07-17,2022-07-17,2022-07-18,Room 8,103,1.0,1050.0,1050.0,0,7,Sunday,Monday,True
2022-07-28,2022-07-30,2022-07-31,Room 8,104,1.0,1000.0,1000.0,2,7,Saturday,Sunday,True
2022-07-29,2022-07-30,2022-07-31,Room 12,105,1.0,1050.0,1050.0,1,7,Saturday,Sunday,True
2022-07-24,2022-08-02,2022-08-03,Room 7,107,1.0,1100.0,1100.0,9,8,Tuesday,Wednesday,False
2022-08-01,2022-08-02,2022-08-03,Room 6,106,1.0,1200.0,1200.0,1,8,Tuesday,Wednesday,False
2022-07-29,2022-08-04,2022-08-06,Room 7,108,2.0,2200.0,1100.0,6,8,Thursday,Saturday,False
2022-08-06,2022-08-06,2022-08-07,Room 8,109,1.0,1250.0,1250.0,0,8,Saturday,Sunday,True
2022-08-02,2022-08-06,2022-08-11,Room 7,110,5.0,5750.0,1150.0,4,8,Saturday,Thursday,True
2022-08-10,2022-08-11,2022-08-13,Room 8,111,2.0,2200.0,1100.0,1,8,Thursday,Saturday,False
2022-08-11,2022-08-12,2022-08-13,Room 6,112,1.0,1100.0,1100.0,1,8,Friday,Saturday,False
2022-08-11,2022-08-13,2022-08-15,Room 7,113,2.0,3000.0,1500.0,2,8,Saturday,Monday,True
2022-08-13,2022-08-13,2022-08-14,Room 6,114,1.0,1500.0,1500.0,0,8,Saturday,Sunday,True
2022-08-13,2022-08-13,2022-08-14,Room 12,115,1.0,1500.0,1500.0,0,8,Saturday,Sunday,True
2022-08-13,2022-08-13,2022-08-15,Room 10,116,2.0,3000.0,1500.0,0,8,Saturday,Monday,True
2022-08-12,2022-08-14,2022-08-17,Room 6,117,3.0,4500.0,1500.0,2,8,Sunday,Wednesday,True
2022-08-13,2022-08-14,2022-08-16,Room 12,118,2.0,3000.0,1500.0,1,8,Sunday,Tuesday,True
2022-08-17,2022-08-17,2022-08-19,Room 6,119,2.0,2200.0,1100.0,0,8,Wednesday,Friday,False
2022-08-18,2022-08-18,2022-08-19,Room 8,120,1.0,1200.0,1200.0,0,8,Thursday,Friday,False
2022-08-19,2022-08-19,2022-08-20,Room 6,121,1.0,1100.0,1100.0,0,8,Friday,Saturday,False
2022-08-18,2022-08-19,2022-08-21,Room 7,122,2.0,2650.0,1325.0,1,8,Friday,Sunday,False
2022-08-19,2022-08-19,2022-08-21,Room 8,123,2.0,2450.0,1225.0,0,8,Friday,Sunday,False
2022-08-21,2022-08-22,2022-08-25,Room 7,124,3.0,3450.0,1150.0,1,8,Monday,Thursday,False
2022-08-24,2022-08-24,2022-08-25,Room 12,125,1.0,1500.0,1500.0,0,8,Wednesday,Thursday,False
2022-08-27,2022-08-28,2022-08-29,Room 6,109,1.0,1300.0,1300.0,1,8,Sunday,Monday,True
2022-09-07,2022-09-08,2022-09-11,Room 6,126,3.0,4600.0,1533.3333333333333,1,9,Thursday,Sunday,False
2022-09-17,2022-09-17,2022-09-19,Room 7,127,2.0,2800.0,1400.0,0,9,Saturday,Monday,True
2022-09-17,2022-09-17,2022-09-20,Room 6,128,3.0,4500.0,1500.0,0,9,Saturday,Tuesday,True
2022-09-18,2022-09-18,2022-09-21,Room 10,129,3.0,3570.0,1190.0,0,9,Sunday,Wednesday,True
2022-09-20,2022-09-20,2022-09-22,Room 7,130,2.0,2600.0,1300.0,0,9,Tuesday,Thursday,False
2022-09-18,2022-09-21,2022-09-22,Room 6,131,1.0,1300.0,1300.0,3,9,Wednesday,Thursday,False
2022-09-17,2022-09-22,2022-09-24,Room 6,132,2.0,2600.0,1300.0,5,9,Thursday,Saturday,False
2022-09-20,2022-09-25,2022-09-29,Room 6,133,4.0,5500.0,1375.0,5,9,Sunday,Thursday,True
2022-09-30,2022-10-01,2022-10-02,Room 6,134,1.0,1500.0,1500.0,1,10,Saturday,Sunday,True
2022-09-24,2022-10-02,2022-10-03,Room 6,135,1.0,1500.0,1500.0,8,10,Sunday,Monday,True
2022-10-05,2022-10-05,2022-10-06,Room 5,136,1.0,1600.0,1600.0,0,10,Wednesday,Thursday,False
2022-10-08,2022-10-08,2022-10-09,Room 8,137,1.0,1600.0,1600.0,0,10,Saturday,Sunday,True
2022-10-15,2022-10-15,2022-10-16,Room 8,138,1.0,1400.0,1400.0,0,10,Saturday,Sunday,True
2022-10-14,2022-10-15,2022-10-16,Room 6,139,1.0,1600.0,1600.0,1,10,Saturday,Sunday,True
2022-10-17,2022-10-22,2022-10-24,Room 6,140,2.0,3200.0,1600.0,5,10,Saturday,Monday,True
2022-09-25,2022-10-23,2022-10-25,Room 12,141,2.0,3200.0,1600.0,28,10,Sunday,Tuesday,True
2022-10-24,2022-10-24,2022-10-26,Room 5,142,2.0,4000.0,2000.0,0,10,Monday,Wednesday,False
2022-10-24,2022-10-24,2022-10-26,Room 10,143,2.0,4000.0,2000.0,0,10,Monday,Wednesday,False
2022-09-07,2022-11-05,2022-11-08,Room 12,144,3.0,5200.0,1733.3333333333333,59,11,Saturday,Tuesday,True
2022-09-15,2022-11-10,2022-11-14,Room 12,145,4.0,8000.0,2000.0,56,11,Thursday,Monday,False
2022-10-11,2022-11-10,2022-11-14,Room 6,146,4.0,8000.0,2000.0,30,11,Thursday,Monday,False
2022-10-18,2022-11-11,2022-11-14,Room 8,147,3.0,6000.0,2000.0,24,11,Friday,Monday,False
2022-11-17,2022-11-19,2022-11-25,Room 2,148,6.0,13700.0,2283.3333333333335,2,11,Saturday,Friday,True
2022-11-19,2022-11-19,2022-11-29,Room 10,149,10.0,21500.0,2150.0,0,11,Saturday,Tuesday,True
2022-11-11,2022-11-20,2022-11-24,Room 6,151,4.0,8000.0,2000.0,9,11,Sunday,Thursday,True
2022-11-16,2022-11-20,2022-11-24,Room 12,150,4.0,8000.0,2000.0,4,11,Sunday,Thursday,True
2022-11-21,2022-11-21,2022-11-28,Room 3,152,7.0,14744.0,2106.285714285714,0,11,Monday,Monday,False
2022-11-16,2022-11-21,2022-11-25,Room 12,153,4.0,8000.0,2000.0,5,11,Monday,Friday,False
2022-11-19,2022-11-21,2022-11-25,Room 4,154,4.0,8800.0,2200.0,2,11,Monday,Friday,False
2022-11-19,2022-11-24,2022-11-26,Room 12,155,2.0,5000.0,2500.0,5,11,Thursday,Saturday,False
2022-11-23,2022-11-26,2022-11-27,Room 6,156,1.0,2000.0,2000.0,3,11,Saturday,Sunday,True
2022-12-04,2022-12-04,2022-12-05,Room 6,157,1.0,1500.0,1500.0,0,12,Sunday,Monday,True
2022-12-09,2022-12-10,2022-12-11,Room 12,158,1.0,2400.0,2400.0,1,12,Saturday,Sunday,True
2022-12-16,2022-12-17,2022-12-18,Room 8,161,1.0,2000.0,2000.0,1,12,Saturday,Sunday,True
2022-12-16,2022-12-17,2022-12-18,Room 12,159,1.0,1800.0,1800.0,1,12,Saturday,Sunday,True
2022-07-21,2022-12-17,2022-12-18,Room 6,160,1.0,1500.0,1500.0,149,12,Saturday,Sunday,True
2022-12-17,2022-12-18,2022-12-20,Room 12,162,2.0,3600.0,1800.0,1,12,Sunday,Tuesday,True
2022-12-17,2022-12-18,2022-12-24,Room 12,163,6.0,12100.0,2016.6666666666667,1,12,Sunday,Saturday,True
2022-12-12,2022-12-19,2022-12-23,Room 6,164,4.0,8000.0,2000.0,7,12,Monday,Friday,False
2022-12-19,2022-12-20,2022-12-23,Room 12,165,3.0,5400.0,1800.0,1,12,Tuesday,Friday,False
2022-12-21,2022-12-22,2022-12-23,Room 8,104,1.0,1800.0,1800.0,1,12,Thursday,Friday,False
2022-12-23,2022-12-23,2022-12-24,Room 7,166,1.0,1750.0,1750.0,0,12,Friday,Saturday,False
2022-11-06,2022-12-26,2022-12-27,Room 12,167,1.0,2500.0,2500.0,50,12,Monday,Tuesday,False
2022-12-15,2022-12-27,2022-12-30,Room 8,168,3.0,10500.0,3500.0,12,12,Tuesday,Friday,False
2022-12-20,2022-12-28,2023-01-01,Room 3,169,4.0,16000.0,4000.0,8,12,Wednesday,Sunday,False
2022-12-27,2022-12-29,2023-01-01,Room 5,170,3.0,10500.0,3500.0,2,12,Thursday,Sunday,False
2022-12-05,2022-12-29,2023-01-01,Room 6,171,3.0,10500.0,3500.0,24,12,Thursday,Sunday,False
2022-11-28,2022-12-30,2022-12-31,Room 12,172,1.0,3500.0,3500.0,32,12,Friday,Saturday,False
2022-12-26,2022-12-30,2023-01-01,Room 8,173,2.0,7000.0,3500.0,4,12,Friday,Sunday,False
2023-01-04,2023-01-04,2023-01-05,Room 12,174,1.0,1500.0,1500.0,0,1,Wednesday,Thursday,False
2023-01-16,2023-01-16,2023-01-17,Room 8,175,1.0,1300.0,1300.0,0,1,Monday,Tuesday,False
2023-01-20,2023-01-20,2023-01-21,Room 6,176,1.0,1500.0,1500.0,0,1,Friday,Saturday,False
2023-01-22,2023-01-22,2023-01-23,Room 8,177,1.0,1400.0,1400.0,0,1,Sunday,Monday,True
2023-01-22,2023-01-23,2023-01-27,Room 8,178,4.0,5900.0,1475.0,1,1,Monday,Friday,False
2022-12-26,2023-01-26,2023-01-27,Room 6,96,1.0,1500.0,1500.0,31,1,Thursday,Friday,False
2023-01-26,2023-01-27,2023-01-29,Room 12,179,2.0,5000.0,2500.0,1,1,Friday,Sunday,False
2023-01-25,2023-01-27,2023-01-28,Room 8,180,1.0,2000.0,2000.0,2,1,Friday,Saturday,False
2023-01-20,2023-01-28,2023-01-30,Room 8,181,2.0,3000.0,1500.0,8,1,Saturday,Monday,True
2022-12-21,2023-01-28,2023-01-29,Room 6,182,1.0,1500.0,1500.0,38,1,Saturday,Sunday,True
2023-02-01,2023-02-01,2023-02-02,Room 6,183,1.0,1500.0,1500.0,0,2,Wednesday,Thursday,False
2023-02-03,2023-02-04,2023-02-05,Room 8,185,1.0,1300.0,1300.0,1,2,Saturday,Sunday,True
2023-01-04,2023-02-04,2023-02-05,Room 6,184,1.0,1350.0,1350.0,31,2,Saturday,Sunday,True
2023-02-08,2023-02-09,2023-02-10,Room 6,186,1.0,1350.0,1350.0,1,2,Thursday,Friday,False
2023-02-12,2023-02-12,2023-02-13,Room 8,187,1.0,1500.0,1500.0,0,2,Sunday,Monday,True
2023-02-12,2023-02-12,2023-02-14,Room 7,188,2.0,2700.0,1350.0,0,2,Sunday,Tuesday,True
2023-01-26,2023-02-12,2023-02-13,Room 6,189,1.0,1350.0,1350.0,17,2,Sunday,Monday,True
2023-02-11,2023-02-13,2023-02-14,Room 8,190,1.0,1500.0,1500.0,2,2,Monday,Tuesday,False
2023-02-11,2023-02-14,2023-02-15,Room 7,191,1.0,1750.0,1750.0,3,2,Tuesday,Wednesday,False
2023-02-14,2023-02-17,2023-02-19,Room 6,192,2.0,3000.0,1500.0,3,2,Friday,Sunday,False
2023-02-17,2023-02-18,2023-02-21,Room 12,193,3.0,4500.0,1500.0,1,2,Saturday,Tuesday,True
2023-02-20,2023-02-21,2023-02-22,Room 7,194,1.0,1300.0,1300.0,1,2,Tuesday,Wednesday,False
2023-01-28,2023-02-22,2023-02-23,Room 8,195,1.0,1350.0,1350.0,25,2,Wednesday,Thursday,False
2023-02-25,2023-02-25,2023-02-27,Room 12,159,2.0,3000.0,1500.0,0,2,Saturday,Monday,True
2023-02-25,2023-02-25,2023-02-26,Room 7,196,1.0,1300.0,1300.0,0,2,Saturday,Sunday,True
2023-02-26,2023-02-26,2023-03-06,Room 8,197,8.0,11700.0,1462.5,0,2,Sunday,Monday,True
2023-02-26,2023-02-27,2023-02-28,Room 6,198,1.0,1300.0,1300.0,1,2,Monday,Tuesday,False
2023-02-27,2023-02-27,2023-02-28,Room 7,199,1.0,1300.0,1300.0,0,2,Monday,Tuesday,False
2023-02-28,2023-02-28,2023-03-01,Room 6,200,1.0,1300.0,1300.0,0,2,Tuesday,Wednesday,False
2023-02-26,2023-03-03,2023-03-05,Room 6,201,2.0,3000.0,1500.0,5,3,Friday,Sunday,False
2023-03-03,2023-03-06,2023-03-07,Room 6,202,1.0,1500.0,1500.0,3,3,Monday,Tuesday,False
2023-03-09,2023-03-09,2023-03-10,Room 6,203,1.0,1500.0,1500.0,0,3,Thursday,Friday,False
2023-03-10,2023-03-10,2023-03-11,Room 6,204,1.0,1500.0,1500.0,0,3,Friday,Saturday,False
2023-03-13,2023-03-13,2023-03-14,Room 6,205,1.0,1300.0,1300.0,0,3,Monday,Tuesday,False
2023-03-15,2023-03-16,2023-03-17,Room 6,206,1.0,1300.0,1300.0,1,3,Thursday,Friday,False
2023-03-20,2023-03-21,2023-03-24,Room 7,207,3.0,3950.0,1316.6666666666667,1,3,Tuesday,Friday,False
2023-03-14,2023-03-22,2023-03-23,Room 6,208,1.0,1300.0,1300.0,8,3,Wednesday,Thursday,False
2023-03-28,2023-03-28,2023-03-29,Room 7,209,1.0,1200.0,1200.0,0,3,Tuesday,Wednesday,False
2023-04-06,2023-04-06,2023-04-07,Room 6,210,1.0,1300.0,1300.0,0,4,Thursday,Friday,False
2023-04-15,2023-04-15,2023-04-16,Room 7,211,1.0,1250.0,1250.0,0,4,Saturday,Sunday,True
2023-04-06,2023-04-20,2023-04-23,Room 6,212,3.0,4300.0,1433.3333333333333,14,4,Thursday,Sunday,False
2023-04-21,2023-04-21,2023-04-22,Room 7,61,1.0,1250.0,1250.0,0,4,Friday,Saturday,False
2023-04-21,2023-04-22,2023-04-24,Room 7,213,2.0,2500.0,1250.0,1,4,Saturday,Monday,True
2023-04-28,2023-04-28,2023-04-29,Room 7,214,1.0,1150.0,1150.0,0,4,Friday,Saturday,False
2023-05-10,2023-05-10,2023-05-11,Room 6,215,1.0,1150.0,1150.0,0,5,Wednesday,Thursday,False
2023-05-14,2023-05-14,2023-05-17,Room 12,216,3.0,3750.0,1250.0,0,5,Sunday,Wednesday,True
2023-05-13,2023-05-16,2023-05-18,Room 6,217,2.0,2300.0,1150.0,3,5,Tuesday,Thursday,False
2023-05-17,2023-05-19,2023-05-20,Room 6,218,1.0,1150.0,1150.0,2,5,Friday,Saturday,False
2023-05-19,2023-05-21,2023-05-26,Room 7,219,5.0,5750.0,1150.0,2,5,Sunday,Friday,True
2023-05-22,2023-05-22,2023-05-23,Room 6,220,1.0,1150.0,1150.0,0,5,Monday,Tuesday,False
2023-05-23,2023-05-26,2023-05-27,Room 7,221,1.0,1150.0,1150.0,3,5,Friday,Saturday,False
2023-05-22,2023-05-26,2023-05-27,Room 6,222,1.0,1150.0,1150.0,4,5,Friday,Saturday,False
2023-05-27,2023-05-28,2023-05-29,Room 7,223,1.0,1250.0,1250.0,1,5,Sunday,Monday,True
2023-05-30,2023-06-01,2023-06-04,Room 6,224,3.0,3600.0,1200.0,2,6,Thursday,Sunday,False
2023-06-04,2023-06-04,2023-06-05,Room 6,215,1.0,1200.0,1200.0,0,6,Sunday,Monday,True
2023-06-06,2023-06-06,2023-06-07,Room 7,225,1.0,1150.0,1150.0,0,6,Tuesday,Wednesday,False
2023-06-09,2023-06-09,2023-06-10,Room 7,226,1.0,1150.0,1150.0,0,6,Friday,Saturday,False
2023-06-09,2023-06-10,2023-06-11,Room 6,227,1.0,1200.0,1200.0,1,6,Saturday,Sunday,True
2023-06-12,2023-06-12,2023-06-13,Room 6,228,1.0,1200.0,1200.0,0,6,Monday,Tuesday,False
2023-06-12,2023-06-13,2023-06-14,Room 6,229,1.0,1200.0,1200.0,1,6,Tuesday,Wednesday,False
2023-06-15,2023-06-15,2023-06-17,Room 6,230,2.0,2400.0,1200.0,0,6,Thursday,Saturday,False
2023-06-16,2023-06-16,2023-06-18,Room 7,231,2.0,2450.0,1225.0,0,6,Friday,Sunday,False
2023-05-24,2023-06-17,2023-06-19,Room 6,232,2.0,2160.0,1080.0,24,6,Saturday,Monday,True
2023-06-19,2023-06-19,2023-06-20,Room 6,233,1.0,1200.0,1200.0,0,6,Monday,Tuesday,False
2023-06-03,2023-06-28,2023-07-01,Room 6,234,3.0,3600.0,1200.0,25,6,Wednesday,Saturday,False
2023-06-23,2023-07-01,2023-07-06,Room 6,234,5.0,6000.0,1200.0,8,7,Saturday,Thursday,True
2023-06-16,2023-07-06,2023-07-07,Room 6,235,1.0,1080.0,1080.0,20,7,Thursday,Friday,False
2023-07-06,2023-07-07,2023-07-11,Room 7,236,4.0,4800.0,1200.0,1,7,Friday,Tuesday,False
2023-07-09,2023-07-09,2023-07-10,Room 6,237,1.0,1250.0,1250.0,0,7,Sunday,Monday,True
2023-07-09,2023-07-09,2023-07-11,Room 12,238,2.0,2500.0,1250.0,0,7,Sunday,Tuesday,True
2023-07-18,2023-07-19,2023-07-20,Room 6,239,1.0,1180.0,1180.0,1,7,Wednesday,Thursday,False
2023-07-21,2023-07-21,2023-07-23,Room 6,240,2.0,2360.0,1180.0,0,7,Friday,Sunday,False
2023-07-23,2023-07-23,2023-07-24,Room 6,241,1.0,1180.0,1180.0,0,7,Sunday,Monday,True
2023-07-24,2023-07-25,2023-07-31,Room 7,242,6.0,6900.0,1150.0,1,7,Tuesday,Monday,False
2023-07-28,2023-07-28,2023-07-29,Room 6,243,1.0,1180.0,1180.0,0,7,Friday,Saturday,False
2023-07-31,2023-07-31,2023-08-01,Room 6,244,1.0,1200.0,1200.0,0,7,Monday,Tuesday,False
2023-08-02,2023-08-02,2023-08-03,Room 6,245,1.0,1200.0,1200.0,0,8,Wednesday,Thursday,False
2023-08-02,2023-08-02,2023-08-03,Room 7,246,1.0,1200.0,1200.0,0,8,Wednesday,Thursday,False
2023-08-03,2023-08-03,2023-08-04,Room 6,247,1.0,1200.0,1200.0,0,8,Thursday,Friday,False
2023-08-09,2023-08-10,2023-08-14,Room 7,248,4.0,5200.0,1300.0,1,8,Thursday,Monday,False
2023-08-10,2023-08-10,2023-08-11,Room 6,249,1.0,1200.0,1200.0,0,8,Thursday,Friday,False
2023-08-07,2023-08-11,2023-08-13,Room 6,250,2.0,2400.0,1200.0,4,8,Friday,Sunday,False
2023-08-12,2023-08-13,2023-08-14,Room 6,251,1.0,1200.0,1200.0,1,8,Sunday,Monday,True
2023-08-14,2023-08-14,2023-08-15,Room 6,252,1.0,1200.0,1200.0,0,8,Monday,Tuesday,False
2023-08-15,2023-08-15,2023-08-16,Room 6,253,1.0,1200.0,1200.0,0,8,Tuesday,Wednesday,False
2023-08-12,2023-08-24,2023-08-25,Room 6,254,1.0,1300.0,1300.0,12,8,Thursday,Friday,False
2023-08-24,2023-08-25,2023-08-26,Room 6,255,1.0,1150.0,1150.0,1,8,Friday,Saturday,False
2023-08-24,2023-08-26,2023-08-28,Room 7,256,2.0,2300.0,1150.0,2,8,Saturday,Monday,True
2023-09-06,2023-09-06,2023-09-07,Room 6,257,1.0,1300.0,1300.0,0,9,Wednesday,Thursday,False
2023-09-09,2023-09-10,2023-09-12,Room 5,258,2.0,4000.0,2000.0,1,9,Sunday,Tuesday,True
2023-09-11,2023-09-12,2023-09-14,Room 6,259,2.0,2600.0,1300.0,1,9,Tuesday,Thursday,False
2023-09-15,2023-09-15,2023-09-16,Room 6,260,1.0,1200.0,1200.0,0,9,Friday,Saturday,False
2023-09-16,2023-09-16,2023-09-18,Room 6,261,2.0,2400.0,1200.0,0,9,Saturday,Monday,True
2023-09-08,2023-09-20,2023-09-22,Room 6,262,2.0,2600.0,1300.0,12,9,Wednesday,Friday,False
2023-09-21,2023-09-24,2023-09-25,Room 6,263,1.0,1400.0,1400.0,3,9,Sunday,Monday,True
2023-09-27,2023-09-27,2023-09-28,Room 6,264,1.0,1500.0,1500.0,0,9,Wednesday,Thursday,False
2023-09-07,2023-09-28,2023-09-29,Room 6,265,1.0,1170.0,1170.0,21,9,Thursday,Friday,False
2023-09-28,2023-09-28,2023-09-29,Room 12,266,1.0,1300.0,1300.0,0,9,Thursday,Friday,False
2023-09-29,2023-09-29,2023-09-30,Room 5,267,1.0,1800.0,1800.0,0,9,Friday,Saturday,False
2023-09-29,2023-09-29,2023-09-30,Room 7,268,1.0,1300.0,1300.0,0,9,Friday,Saturday,False
2023-10-01,2023-10-06,2023-10-09,Room 6,269,3.0,8100.0,2700.0,5,10,Friday,Monday,False
2023-10-11,2023-10-11,2023-10-12,Room 6,270,1.0,1300.0,1300.0,0,10,Wednesday,Thursday,False
2023-10-12,2023-10-13,2023-10-14,Room 6,271,1.0,1300.0,1300.0,1,10,Friday,Saturday,False
2023-10-12,2023-10-14,2023-10-15,Room 6,272,1.0,1400.0,1400.0,2,10,Saturday,Sunday,True
2023-10-14,2023-10-15,2023-10-16,Room 6,273,1.0,1400.0,1400.0,1,10,Sunday,Monday,True
2023-10-16,2023-10-16,2023-10-17,Room 6,87,1.0,1300.0,1300.0,0,10,Monday,Tuesday,False
2023-10-13,2023-10-17,2023-10-18,Room 6,255,1.0,1300.0,1300.0,4,10,Tuesday,Wednesday,False
2023-10-20,2023-10-21,2023-10-24,Room 8,274,3.0,4800.0,1600.0,1,10,Saturday,Tuesday,True
2023-10-20,2023-10-22,2023-10-23,Room 6,275,1.0,1250.0,1250.0,2,10,Sunday,Monday,True
2023-10-23,2023-10-23,2023-10-24,Room 7,276,1.0,1300.0,1300.0,0,10,Monday,Tuesday,False
2023-10-25,2023-10-26,2023-10-27,Room 7,277,1.0,1300.0,1300.0,1,10,Thursday,Friday,False
2023-10-24,2023-10-27,2023-11-02,Room 12,280,6.0,9000.0,1500.0,3,10,Friday,Thursday,False
2023-10-25,2023-10-27,2023-10-29,Room 12,279,2.0,2800.0,1400.0,2,10,Friday,Sunday,False
2023-10-26,2023-10-27,2023-10-30,Room 5,278,3.0,6900.0,2300.0,1,10,Friday,Monday,False
2023-10-28,2023-10-28,2023-10-29,Room 6,281,1.0,1500.0,1500.0,0,10,Saturday,Sunday,True
2023-11-01,2023-11-01,2023-11-02,Room 6,282,1.0,1300.0,1300.0,0,11,Wednesday,Thursday,False
2023-11-02,2023-11-03,2023-11-05,Room 6,283,2.0,2900.0,1450.0,1,11,Friday,Sunday,False
2023-11-04,2023-11-05,2023-11-07,Room 6,283,2.0,2800.0,1400.0,1,11,Sunday,Tuesday,True
2023-11-06,2023-11-06,2023-11-07,Room 7,284,1.0,1300.0,1300.0,0,11,Monday,Tuesday,False
2023-11-08,2023-11-08,2023-11-10,Room 6,285,2.0,2600.0,1300.0,0,11,Wednesday,Friday,False
2023-11-07,2023-11-10,2023-11-11,Room 7,286,1.0,1300.0,1300.0,3,11,Friday,Saturday,False
2023-11-05,2023-11-10,2023-11-11,Room 6,287,1.0,1400.0,1400.0,5,11,Friday,Saturday,False
2023-11-10,2023-11-11,2023-11-13,Room 6,288,2.0,3000.0,1500.0,1,11,Saturday,Monday,True
2023-11-11,2023-11-11,2023-11-13,Room 5,289,2.0,3600.0,1800.0,0,11,Saturday,Monday,True
2023-11-15,2023-11-15,2023-11-16,Room 6,290,1.0,1550.0,1550.0,0,11,Wednesday,Thursday,False
2023-11-16,2023-11-16,2023-11-17,Room 7,291,1.0,1500.0,1500.0,0,11,Thursday,Friday,False
2023-11-11,2023-11-16,2023-11-19,Room 8,292,3.0,4400.0,1466.6666666666667,5,11,Thursday,Sunday,False
2023-11-11,2023-11-17,2023-11-18,Room 6,294,1.0,1500.0,1500.0,6,11,Friday,Saturday,False
2023-10-31,2023-11-17,2023-11-29,Room 7,295,12.0,16200.0,1350.0,17,11,Friday,Wednesday,False
2023-11-14,2023-11-17,2023-11-18,Room 5,293,1.0,1800.0,1800.0,3,11,Friday,Saturday,False
2023-11-18,2023-11-18,2023-11-19,Room 6,296,1.0,1500.0,1500.0,0,11,Saturday,Sunday,True
2023-11-11,2023-11-18,2023-11-23,Room 12,297,5.0,7500.0,1500.0,7,11,Saturday,Thursday,True
2023-11-14,2023-11-19,2023-11-27,Room 8,298,8.0,12000.0,1500.0,5,11,Sunday,Monday,True
2023-11-16,2023-11-19,2023-11-25,Room 10,299,6.0,10800.0,1800.0,3,11,Sunday,Saturday,True
2023-11-19,2023-11-19,2023-11-20,Room 6,300,1.0,1600.0,1600.0,0,11,Sunday,Monday,True
2023-11-19,2023-11-19,2023-11-25,Room 3,301,6.0,9750.0,1625.0,0,11,Sunday,Saturday,True
2023-11-15,2023-11-20,2023-11-21,Room 6,302,1.0,1800.0,1800.0,5,11,Monday,Tuesday,False
2023-11-19,2023-11-20,2023-11-22,Room 2,300,2.0,3600.0,1800.0,1,11,Monday,Wednesday,False
2023-11-08,2023-11-20,2023-11-24,Room 12,303,4.0,6000.0,1500.0,12,11,Monday,Friday,False
2023-10-24,2023-11-22,2023-11-26,Room 6,304,4.0,6480.0,1620.0,29,11,Wednesday,Sunday,False
2023-11-17,2023-11-23,2023-11-26,Room 4,305,3.0,4500.0,1500.0,6,11,Thursday,Sunday,False
2023-10-26,2023-11-23,2023-11-25,Room 12,306,2.0,2700.0,1350.0,28,11,Thursday,Saturday,False
2023-11-23,2023-11-25,2023-11-27,Room 12,307,2.0,3300.0,1650.0,2,11,Saturday,Monday,True
2023-11-26,2023-11-26,2023-11-29,Room 6,308,3.0,5000.0,1666.6666666666667,0,11,Sunday,Wednesday,True
2023-11-23,2023-11-27,2023-12-03,Room 8,298,6.0,9300.0,1550.0,4,11,Monday,Sunday,False
2023-11-26,2023-11-27,2023-11-28,Room 12,309,1.0,1650.0,1650.0,1,11,Monday,Tuesday,False
2023-11-21,2023-12-01,2023-12-03,Room 12,310,2.0,3000.0,1500.0,10,12,Friday,Sunday,False
2023-12-03,2023-12-04,2023-12-05,Room 6,311,1.0,1500.0,1500.0,1,12,Monday,Tuesday,False
2023-11-18,2023-12-06,2023-12-10,Room 7,312,4.0,5040.0,1260.0,18,12,Wednesday,Sunday,False
2023-12-05,2023-12-07,2023-12-10,Room 6,313,3.0,5050.0,1683.3333333333333,2,12,Thursday,Sunday,False
2023-11-08,2023-12-07,2023-12-11,Room 5,314,4.0,7920.0,1980.0,29,12,Thursday,Monday,False
2023-12-10,2023-12-10,2023-12-11,Room 6,315,1.0,1600.0,1600.0,0,12,Sunday,Monday,True
2023-12-11,2023-12-11,2023-12-12,Room 6,316,1.0,1700.0,1700.0,0,12,Monday,Tuesday,False
2023-11-25,2023-12-13,2023-12-23,Room 12,317,10.0,13950.0,1395.0,18,12,Wednesday,Saturday,False
2023-12-07,2023-12-16,2023-12-20,Room 6,318,4.0,6900.0,1725.0,9,12,Saturday,Wednesday,True
2023-12-07,2023-12-16,2023-12-17,Room 7,319,1.0,1600.0,1600.0,9,12,Saturday,Sunday,True
2023-12-07,2023-12-17,2023-12-27,Room 4,320,10.0,29000.0,2900.0,10,12,Sunday,Wednesday,True
2023-11-25,2023-12-17,2023-12-25,Room 8,321,8.0,13284.0,1660.5,22,12,Sunday,Monday,True
2023-11-14,2023-12-17,2023-12-18,Room 7,322,1.0,1260.0,1260.0,33,12,Sunday,Monday,True
2023-11-14,2023-12-19,2023-12-22,Room 7,322,3.0,3780.0,1260.0,35,12,Tuesday,Friday,False
2023-12-16,2023-12-21,2023-12-23,Room 12,323,2.0,5000.0,2500.0,5,12,Thursday,Saturday,False
2023-11-24,2023-12-21,2023-12-25,Room 6,324,4.0,9720.0,2430.0,27,12,Thursday,Monday,False
2023-12-21,2023-12-22,2023-12-26,Room 2,325,4.0,11800.0,2950.0,1,12,Friday,Tuesday,False
2023-12-05,2023-12-22,2023-12-24,Room 7,326,2.0,3600.0,1800.0,17,12,Friday,Sunday,False
2023-12-13,2023-12-23,2023-12-24,Room 5,328,1.0,3000.0,3000.0,10,12,Saturday,Sunday,True
2023-12-19,2023-12-23,2023-12-25,Room 9,327,2.0,5300.0,2650.0,4,12,Saturday,Monday,True
2023-12-05,2023-12-24,2023-12-26,Room 5,329,2.0,6570.0,3285.0,19,12,Sunday,Tuesday,True
2023-12-25,2023-12-25,2023-12-27,Room 6,330,2.0,6400.0,3200.0,0,12,Monday,Wednesday,False
2023-12-01,2023-12-26,2023-12-30,Room 5,331,4.0,13680.0,3420.0,25,12,Tuesday,Saturday,False
2023-11-26,2023-12-28,2023-12-29,Room 6,332,1.0,2700.0,2700.0,32,12,Thursday,Friday,False
2023-12-13,2023-12-29,2024-01-01,Room 12,333,3.0,10500.0,3500.0,16,12,Friday,Monday,False
2023-12-11,2023-12-30,2024-01-02,Room 8,334,3.0,9720.0,3240.0,19,12,Saturday,Tuesday,True
2023-12-10,2023-12-30,2024-01-01,Room 6,335,2.0,6300.0,3150.0,20,12,Saturday,Monday,True
2023-12-10,2023-12-31,2024-01-02,Room 5,336,2.0,6750.0,3375.0,21,12,Sunday,Tuesday,True
2023-11-30,2024-01-02,2024-01-04,Room 8,337,2.0,4500.0,2250.0,33,1,Tuesday,Thursday,False
2023-12-14,2024-01-04,2024-01-06,Room 8,338,2.0,3000.0,1500.0,21,1,Thursday,Saturday,False
2023-08-10,2024-01-05,2024-01-08,Room 12,339,3.0,6000.0,2000.0,148,1,Friday,Monday,False
2024-01-01,2024-01-06,2024-01-07,Room 5,340,1.0,2000.0,2000.0,5,1,Saturday,Sunday,True
2023-12-30,2024-01-07,2024-01-14,Room 10,341,7.0,10500.0,1500.0,8,1,Sunday,Sunday,True
2023-12-11,2024-01-07,2024-01-09,Room 6,342,2.0,3300.0,1650.0,27,1,Sunday,Tuesday,True
2024-01-09,2024-01-09,2024-01-10,Room 6,343,1.0,1550.0,1550.0,0,1,Tuesday,Wednesday,False
2024-01-10,2024-01-10,2024-01-11,Room 6,344,1.0,1550.0,1550.0,0,1,Wednesday,Thursday,False
2023-12-28,2024-01-10,2024-01-14,Room 5,345,4.0,8000.0,2000.0,13,1,Wednesday,Sunday,False
2024-01-12,2024-01-12,2024-01-13,Room 3,347,1.0,1500.0,1500.0,0,1,Friday,Saturday,False
2024-01-11,2024-01-12,2024-01-13,Room 6,346,1.0,1550.0,1550.0,1,1,Friday,Saturday,False
2024-01-13,2024-01-13,2024-01-14,Room 6,348,1.0,1550.0,1550.0,0,1,Saturday,Sunday,True
2024-01-14,2024-01-14,2024-01-15,Room 7,349,1.0,1400.0,1400.0,0,1,Sunday,Monday,True
2024-01-15,2024-01-15,2024-01-16,Room 6,350,1.0,1550.0,1550.0,0,1,Monday,Tuesday,False
2024-01-15,2024-01-16,2024-01-19,Room 6,351,3.0,4650.0,1550.0,1,1,Tuesday,Friday,False
2024-01-19,2024-01-19,2024-01-21,Room 7,352,2.0,2800.0,1400.0,0,1,Friday,Sunday,False
2023-12-27,2024-01-19,2024-01-21,Room 7,353,2.0,2700.0,1350.0,23,1,Friday,Sunday,False
2024-01-20,2024-01-20,2024-01-21,Room 12,354,1.0,1500.0,1500.0,0,1,Saturday,Sunday,True
2024-01-18,2024-01-21,2024-01-23,Room 6,355,2.0,3100.0,1550.0,3,1,Sunday,Tuesday,True
2024-01-22,2024-01-23,2024-01-29,Room 8,356,6.0,10500.0,1750.0,1,1,Tuesday,Monday,False
2024-01-25,2024-01-25,2024-01-26,Room 7,357,1.0,1400.0,1400.0,0,1,Thursday,Friday,False
2024-01-26,2024-01-26,2024-01-28,Room 5,358,2.0,5600.0,2800.0,0,1,Friday,Sunday,False
2024-01-24,2024-01-26,2024-01-27,Room 6,359,1.0,1700.0,1700.0,2,1,Friday,Saturday,False
2024-01-25,2024-01-27,2024-01-30,Room 6,360,3.0,5100.0,1700.0,2,1,Saturday,Tuesday,True
2024-01-28,2024-02-01,2024-02-03,Room 8,361,2.0,3000.0,1500.0,4,2,Thursday,Saturday,False
2024-01-20,2024-02-02,2024-02-03,Room 6,362,1.0,1500.0,1500.0,13,2,Friday,Saturday,False
2024-02-03,2024-02-03,2024-02-04,Room 6,363,1.0,1500.0,1500.0,0,2,Saturday,Sunday,True
2024-01-22,2024-02-06,2024-02-07,Room 6,255,1.0,1500.0,1500.0,15,2,Tuesday,Wednesday,False
2024-02-10,2024-02-10,2024-02-11,Room 12,364,1.0,1500.0,1500.0,0,2,Saturday,Sunday,True
2024-02-10,2024-02-10,2024-02-11,Room 6,365,1.0,1500.0,1500.0,0,2,Saturday,Sunday,True
2023-12-29,2024-02-11,2024-02-14,Room 6,366,3.0,4050.0,1350.0,44,2,Sunday,Wednesday,True
2024-02-15,2024-02-15,2024-02-16,Room 6,367,1.0,1500.0,1500.0,0,2,Thursday,Friday,False
2024-03-04,2024-03-04,2024-03-05,Room 6,368,1.0,1300.0,1300.0,0,3,Monday,Tuesday,False
2024-03-06,2024-03-08,2024-03-09,Room 6,369,1.0,1300.0,1300.0,2,3,Friday,Saturday,False
2024-03-09,2024-03-09,2024-03-11,Room 6,370,2.0,2600.0,1300.0,0,3,Saturday,Monday,True
2024-03-11,2024-03-11,2024-03-12,Room 6,371,1.0,1300.0,1300.0,0,3,Monday,Tuesday,False
2024-03-15,2024-03-15,2024-03-16,Room 12,372,1.0,1500.0,1500.0,0,3,Friday,Saturday,False
2024-03-14,2024-03-16,2024-03-17,Room 6,373,1.0,1300.0,1300.0,2,3,Saturday,Sunday,True
2024-03-18,2024-03-18,2024-03-19,Room 6,374,1.0,1300.0,1300.0,0,3,Monday,Tuesday,False
2024-03-12,2024-03-21,2024-03-22,Room 6,375,1.0,1300.0,1300.0,9,3,Thursday,Friday,False
2024-03-31,2024-03-31,2024-04-01,Room 7,376,1.0,1400.0,1400.0,0,3,Sunday,Monday,True
2024-03-22,2024-03-31,2024-04-04,Room 6,377,4.0,6200.0,1550.0,9,3,Sunday,Thursday,True
2024-04-02,2024-04-02,2024-04-03,Room 12,378,1.0,1200.0,1200.0,0,4,Tuesday,Wednesday,False
2024-04-11,2024-04-11,2024-04-12,Room 6,379,1.0,1300.0,1300.0,0,4,Thursday,Friday,False
2024-04-24,2024-04-25,2024-04-26,Room 6,380,1.0,1200.0,1200.0,1,4,Thursday,Friday,False
2024-05-02,2024-05-02,2024-05-03,Room 6,381,1.0,1200.0,1200.0,0,5,Thursday,Friday,False
2024-05-04,2024-05-05,2024-05-06,Room 6,96,1.0,1200.0,1200.0,1,5,Sunday,Monday,True
2024-05-10,2024-05-11,2024-05-12,Room 6,382,1.0,1200.0,1200.0,1,5,Saturday,Sunday,True
2024-05-14,2024-05-14,2024-05-15,Room 6,383,1.0,1200.0,1200.0,0,5,Tuesday,Wednesday,False
2024-05-13,2024-05-15,2024-05-16,Room 6,384,1.0,1200.0,1200.0,2,5,Wednesday,Thursday,False
2024-05-24,2024-05-24,2024-05-25,Room 6,385,1.0,1200.0,1200.0,0,5,Friday,Saturday,False
2024-05-25,2024-05-26,2024-05-27,Room 6,96,1.0,1200.0,1200.0,1,5,Sunday,Monday,True
2024-05-28,2024-05-28,2024-05-29,Room 6,386,1.0,1200.0,1200.0,0,5,Tuesday,Wednesday,False
2024-05-30,2024-05-30,2024-05-31,Room 6,387,1.0,1200.0,1200.0,0,5,Thursday,Friday,False
2024-06-05,2024-06-06,2024-06-07,Room 6,388,1.0,1300.0,1300.0,1,6,Thursday,Friday,False
2024-06-14,2024-06-14,2024-06-15,Room 6,389,1.0,1200.0,1200.0,0,6,Friday,Saturday,False
2024-06-17,2024-06-17,2024-06-20,Room 6,390,3.0,3600.0,1200.0,0,6,Monday,Thursday,False
2024-06-18,2024-06-20,2024-06-22,Room 6,391,2.0,2400.0,1200.0,2,6,Thursday,Saturday,False
2024-06-22,2024-06-22,2024-06-23,Room 6,99,1.0,1200.0,1200.0,0,6,Saturday,Sunday,True
2024-06-23,2024-06-23,2024-06-24,Room 6,392,1.0,1200.0,1200.0,0,6,Sunday,Monday,True
2024-07-04,2024-07-05,2024-07-06,Room 6,393,1.0,1200.0,1200.0,1,7,Friday,Saturday,False
2024-07-14,2024-07-15,2024-07-16,Room 6,394,1.0,1200.0,1200.0,1,7,Monday,Tuesday,False
2024-07-16,2024-07-16,2024-07-17,Room 6,395,1.0,1200.0,1200.0,0,7,Tuesday,Wednesday,False
2024-07-02,2024-07-19,2024-07-21,Room 6,396,2.0,2160.0,1080.0,17,7,Friday,Sunday,False
2024-07-22,2024-07-22,2024-07-24,Room 8,397,2.0,2400.0,1200.0,0,7,Monday,Wednesday,False
2024-07-16,2024-07-23,2024-07-24,Room 6,398,1.0,1200.0,1200.0,7,7,Tuesday,Wednesday,False
2024-07-28,2024-07-28,2024-07-29,Room 6,399,1.0,1200.0,1200.0,0,7,Sunday,Monday,True
2024-07-23,2024-07-29,2024-07-30,Room 6,400,1.0,1600.0,1600.0,6,7,Monday,Tuesday,False
2024-08-03,2024-08-03,2024-08-04,Room 6,401,1.0,1600.0,1600.0,0,8,Saturday,Sunday,True
2024-07-24,2024-08-14,2024-08-15,Room 6,402,1.0,1440.0,1440.0,21,8,Wednesday,Thursday,False
2024-08-07,2024-08-17,2024-08-18,Room 6,404,1.0,1600.0,1600.0,10,8,Saturday,Sunday,True
2024-08-17,2024-08-17,2024-08-19,Room 8,405,2.0,2800.0,1400.0,0,8,Saturday,Monday,True
2024-08-17,2024-08-17,2024-08-18,Room 12,403,1.0,1500.0,1500.0,0,8,Saturday,Sunday,True
2024-09-19,2024-09-19,2024-09-20,Room 6,385,1.0,1300.0,1300.0,0,9,Thursday,Friday,False
2024-09-23,2024-09-23,2024-09-24,Room 6,406,1.0,1300.0,1300.0,0,9,Monday,Tuesday,False
2024-09-28,2024-09-28,2024-09-29,Room 6,407,1.0,1300.0,1300.0,0,9,Saturday,Sunday,True
2024-10-02,2024-10-04,2024-10-05,Room 6,408,1.0,1500.0,1500.0,2,10,Friday,Saturday,False
2024-10-15,2024-10-16,2024-10-17,Room 10,409,1.0,1500.0,1500.0,1,10,Wednesday,Thursday,False
2024-10-05,2024-10-23,2024-10-26,Room 12,410,3.0,5040.0,1680.0,18,10,Wednesday,Saturday,False
2024-10-24,2024-10-24,2024-10-27,Room 6,411,3.0,6300.0,2100.0,0,10,Thursday,Sunday,False
2024-10-21,2024-10-31,2024-11-01,Room 6,412,1.0,2000.0,2000.0,10,10,Thursday,Friday,False
2024-11-01,2024-11-01,2024-11-02,Room 6,413,1.0,1500.0,1500.0,0,11,Friday,Saturday,False
2024-10-31,2024-11-01,2024-11-02,Room 12,414,1.0,1500.0,1500.0,1,11,Friday,Saturday,False
2024-11-02,2024-11-02,2024-11-03,Room 12,415,1.0,1500.0,1500.0,0,11,Saturday,Sunday,True
2024-11-06,2024-11-06,2024-11-07,Room 6,416,1.0,1500.0,1500.0,0,11,Wednesday,Thursday,False
2024-11-07,2024-11-07,2024-11-08,Room 6,417,1.0,1500.0,1500.0,0,11,Thursday,Friday,False
2024-11-06,2024-11-08,2024-11-09,Room 6,418,1.0,1500.0,1500.0,2,11,Friday,Saturday,False
2024-11-07,2024-11-09,2024-11-10,Room 12,419,1.0,1500.0,1500.0,2,11,Saturday,Sunday,True
2024-11-15,2024-11-15,2024-11-20,Room 9,420,5.0,7500.0,1500.0,0,11,Friday,Wednesday,False
2024-08-18,2024-11-16,2024-11-17,Room 6,421,1.0,1500.0,1500.0,90,11,Saturday,Sunday,True
2024-11-17,2024-11-18,2024-11-20,Room 12,422,2.0,3000.0,1500.0,1,11,Monday,Wednesday,False
2024-11-17,2024-11-18,2024-11-19,Room 6,423,1.0,1800.0,1800.0,1,11,Monday,Tuesday,False
2024-11-19,2024-11-19,2024-11-20,Room 6,424,1.0,1800.0,1800.0,0,11,Tuesday,Wednesday,False
2024-11-14,2024-11-19,2024-11-24,Room 8,425,5.0,10000.0,2000.0,5,11,Tuesday,Sunday,False
2024-11-01,2024-11-19,2024-11-28,Room 2,426,9.0,15750.0,1750.0,18,11,Tuesday,Thursday,False
2024-11-20,2024-11-20,2024-11-24,Room 10,427,4.0,8000.0,2000.0,0,11,Wednesday,Sunday,False
2024-11-08,2024-11-21,2024-11-25,Room 6,428,4.0,7200.0,1800.0,13,11,Thursday,Monday,False
2024-11-22,2024-11-22,2024-11-25,Room 3,429,3.0,7500.0,2500.0,0,11,Friday,Monday,False
2024-10-28,2024-11-22,2024-11-26,Room 12,430,4.0,5400.0,1350.0,25,11,Friday,Tuesday,False
2024-11-12,2024-11-24,2024-11-28,Room 8,431,4.0,8000.0,2000.0,12,11,Sunday,Thursday,True
2024-11-26,2024-11-26,2024-11-27,Room 10,433,1.0,2000.0,2000.0,0,11,Tuesday,Wednesday,False
2024-11-26,2024-11-26,2024-11-28,Room 6,432,2.0,4000.0,2000.0,0,11,Tuesday,Thursday,False
2024-11-25,2024-11-27,2024-11-28,Room 10,393,1.0,2000.0,2000.0,2,11,Wednesday,Thursday,False
2024-11-09,2024-11-30,2024-12-05,Room 8,434,5.0,7200.0,1440.0,21,11,Saturday,Thursday,True
2024-11-12,2024-12-04,2024-12-05,Room 6,435,1.0,1620.0,1620.0,22,12,Wednesday,Thursday,False
2024-12-05,2024-12-06,2024-12-08,Room 8,436,2.0,3000.0,1500.0,1,12,Friday,Sunday,False
2024-12-07,2024-12-07,2024-12-08,Room 12,437,1.0,1800.0,1800.0,0,12,Saturday,Sunday,True
2024-11-12,2024-12-07,2024-12-08,Room 6,435,1.0,1800.0,1800.0,25,12,Saturday,Sunday,True
2024-11-05,2024-12-08,2024-12-12,Room 8,337,4.0,5400.0,1350.0,33,12,Sunday,Thursday,True
2024-12-08,2024-12-08,2024-12-09,Room 12,438,1.0,1800.0,1800.0,0,12,Sunday,Monday,True
2024-12-06,2024-12-08,2024-12-09,Room 6,439,1.0,2000.0,2000.0,2,12,Sunday,Monday,True
2024-12-09,2024-12-09,2024-12-10,Room 6,440,1.0,1800.0,1800.0,0,12,Monday,Tuesday,False
2024-11-01,2024-12-14,2024-12-22,Room 8,441,8.0,10800.0,1350.0,43,12,Saturday,Sunday,True
2024-12-12,2024-12-15,2024-12-17,Room 6,442,2.0,4000.0,2000.0,3,12,Sunday,Tuesday,True
2024-12-16,2024-12-16,2024-12-18,Room 12,443,2.0,3600.0,1800.0,0,12,Monday,Wednesday,False
2024-12-17,2024-12-17,2024-12-18,Room 10,444,1.0,1800.0,1800.0,0,12,Tuesday,Wednesday,False
2024-12-18,2024-12-18,2024-12-19,Room 10,445,1.0,1800.0,1800.0,0,12,Wednesday,Thursday,False
2024-12-19,2024-12-19,2024-12-20,Room 6,447,1.0,2000.0,2000.0,0,12,Thursday,Friday,False
2024-12-19,2024-12-19,2024-12-20,Room 12,446,1.0,1800.0,1800.0,0,12,Thursday,Friday,False
2024-12-19,2024-12-20,2024-12-22,Room 10,449,2.0,5000.0,2500.0,1,12,Friday,Sunday,False
2024-12-20,2024-12-20,2024-12-21,Room 6,448,1.0,2000.0,2000.0,0,12,Friday,Saturday,False
2024-11-19,2024-12-21,2024-12-25,Room 6,450,4.0,7560.0,1890.0,32,12,Saturday,Wednesday,True
2024-11-21,2024-12-22,2024-12-25,Room 8,451,3.0,5400.0,1800.0,31,12,Sunday,Wednesday,True
2024-12-12,2024-12-22,2024-12-24,Room 10,452,2.0,2000.0,1000.0,10,12,Sunday,Tuesday,True
2024-11-27,2024-12-28,2025-01-02,Room 2,453,5.0,15460.0,3092.0,31,12,Saturday,Thursday,True
2024-11-25,2024-12-28,2024-12-31,Room 6,454,3.0,7290.0,2430.0,33,12,Saturday,Tuesday,True
2024-12-14,2024-12-28,2024-12-31,Room 8,455,3.0,10500.0,3500.0,14,12,Saturday,Tuesday,True
2024-12-25,2024-12-31,2025-01-01,Room 6,456,1.0,3600.0,3600.0,6,12,Tuesday,Wednesday,False
2025-01-03,2025-01-03,2025-01-05,Room 6,457,2.0,4000.0,2000.0,0,1,Friday,Sunday,False
2025-01-09,2025-01-09,2025-01-13,Room 12,458,4.0,6000.0,1500.0,0,1,Thursday,Monday,False
2025-01-10,2025-01-10,2025-01-11,Room 7,459,1.0,1500.0,1500.0,0,1,Friday,Saturday,False
2025-01-11,2025-01-11,2025-01-12,Room 6,460,1.0,2000.0,2000.0,0,1,Saturday,Sunday,True
2025-01-12,2025-01-13,2025-01-14,Room 12,461,1.0,1500.0,1500.0,1,1,Monday,Tuesday,False
2025-01-10,2025-01-14,2025-01-20,Room 2,462,6.0,8000.0,1333.3333333333333,4,1,Tuesday,Monday,False
2025-01-10,2025-01-14,2025-01-20,Room 2,462,6.0,1500.0,250.0,4,1,Tuesday,Monday,False
2025-01-11,2025-01-14,2025-01-16,Room 6,463,2.0,3500.0,1750.0,3,1,Tuesday,Thursday,False
2025-01-17,2025-01-17,2025-01-18,Room 6,464,1.0,1500.0,1500.0,0,1,Friday,Saturday,False
2025-01-03,2025-01-18,2025-01-19,Room 6,465,1.0,1350.0,1350.0,15,1,Saturday,Sunday,True
2025-01-14,2025-01-18,2025-01-19,Room 12,456,1.0,1500.0,1500.0,4,1,Saturday,Sunday,True
2025-01-19,2025-01-19,2025-01-22,Room 6,466,3.0,4500.0,1500.0,0,1,Sunday,Wednesday,True
2025-01-23,2025-01-24,2025-01-25,Room 6,467,1.0,1500.0,1500.0,1,1,Friday,Saturday,False
2025-01-28,2025-01-28,2025-01-29,Room 6,468,1.0,1500.0,1500.0,0,1,Tuesday,Wednesday,False
2025-02-01,2025-02-01,2025-02-02,Room 6,469,1.0,1500.0,1500.0,0,2,Saturday,Sunday,True
2025-01-27,2025-02-02,2025-02-06,Room 12,470,4.0,6000.0,1500.0,6,2,Sunday,Thursday,True
2025-02-05,2025-02-05,2025-02-06,Room 6,471,1.0,1500.0,1500.0,0,2,Wednesday,Thursday,False
2025-02-06,2025-02-07,2025-02-08,Room 6,472,1.0,1500.0,1500.0,1,2,Friday,Saturday,False
2025-02-26,2025-02-27,2025-02-28,Room 6,473,1.0,1500.0,1500.0,1,2,Thursday,Friday,False
2025-03-01,2025-03-01,2025-03-02,Room 6,474,1.0,1500.0,1500.0,0,3,Saturday,Sunday,True
2025-03-04,2025-03-07,2025-03-08,Room 6,338,1.0,1500.0,1500.0,3,3,Friday,Saturday,False
2025-03-07,2025-03-08,2025-03-09,Room 6,475,1.0,1500.0,1500.0,1,3,Saturday,Sunday,True
2025-01-12,2025-03-14,2025-03-16,Room 6,476,2.0,3000.0,1500.0,61,3,Friday,Sunday,False
2025-03-24,2025-03-26,2025-03-27,Room 6,393,1.0,1500.0,1500.0,2,3,Wednesday,Thursday,False
2025-04-04,2025-04-05,2025-04-06,Room 6,475,1.0,1300.0,1300.0,1,4,Saturday,Sunday,True
2025-04-19,2025-04-19,2025-04-20,Room 6,477,1.0,1300.0,1300.0,0,4,Saturday,Sunday,True
2025-05-02,2025-05-02,2025-05-03,Room 6,478,1.0,1300.0,1300.0,0,5,Friday,Saturday,False
2025-05-09,2025-05-09,2025-05-10,Room 6,479,1.0,1300.0,1300.0,0,5,Friday,Saturday,False
2025-06-10,2025-06-10,2025-06-11,Room 6,480,1.0,1300.0,1300.0,0,6,Tuesday,Wednesday,False
2025-06-14,2025-06-14,2025-06-15,Room 6,481,1.0,1300.0,1300.0,0,6,Saturday,Sunday,True
2025-06-19,2025-06-19,2025-06-20,Room 6,482,1.0,1300.0,1300.0,0,6,Thursday,Friday,False
2025-06-23,2025-06-27,2025-06-29,Room 6,483,2.0,2600.0,1300.0,4,6,Friday,Sunday,False
2025-07-02,2025-07-02,2025-07-03,Room 6,484,1.0,1300.0,1300.0,0,7,Wednesday,Thursday,False
2025-08-15,2025-08-15,2025-08-16,Room 12,485,1.0,1500.0,1500.0,0,8,Friday,Saturday,False
2025-08-11,2025-08-15,2025-08-17,Room 6,486,2.0,3000.0,1500.0,4,8,Friday,Sunday,False
2025-08-17,2025-08-18,2025-08-20,Room 6,487,2.0,2600.0,1300.0,1,8,Monday,Wednesday,False
2025-08-20,2025-08-20,2025-08-21,Room 6,488,1.0,1300.0,1300.0,0,8,Wednesday,Thursday,False
2025-09-29,2025-09-29,2025-10-02,Room 6,489,3.0,4700.0,1566.6666666666667,0,9,Monday,Thursday,False
2025-10-01,2025-10-01,2025-10-04,Room 12,490,3.0,5100.0,1700.0,0,10,Wednesday,Saturday,False
2025-10-02,2025-10-02,2025-10-03,Room 6,491,1.0,1700.0,1700.0,0,10,Thursday,Friday,False
2025-10-03,2025-10-03,2025-10-04,Room 6,492,1.0,1700.0,1700.0,0,10,Friday,Saturday,False
2025-09-28,2025-10-04,2025-10-07,Room 6,493,3.0,5100.0,1700.0,6,10,Saturday,Tuesday,True
2025-10-06,2025-10-10,2025-10-12,Room 6,494,2.0,3400.0,1700.0,4,10,Friday,Sunday,False
2025-10-11,2025-10-23,2025-10-27,Room 2,495,4.0,9200.0,2300.0,12,10,Thursday,Monday,False
2025-09-23,2025-10-25,2025-10-26,Room 6,496,1.0,1350.0,1350.0,32,10,Saturday,Sunday,True
2025-10-26,2025-11-01,2025-11-02,Room 6,497,1.0,1800.0,1800.0,6,11,Saturday,Sunday,True
2025-10-08,2025-11-02,2025-11-12,Room 7,498,10.0,16200.0,1620.0,25,11,Sunday,Wednesday,True
2025-09-23,2025-11-02,2025-11-06,Room 2,499,4.0,6480.0,1620.0,40,11,Sunday,Thursday,True
2025-10-17,2025-11-05,2025-11-10,Room 12,500,5.0,8100.0,1620.0,19,11,Wednesday,Monday,False
2025-10-20,2025-11-05,2025-11-10,Room 3,501,5.0,8100.0,1620.0,16,11,Wednesday,Monday,False
2025-11-05,2025-11-05,2025-11-06,Room 6,502,1.0,1800.0,1800.0,0,11,Wednesday,Thursday,False
2025-10-13,2025-11-06,2025-11-09,Room 2,503,3.0,6900.0,2300.0,24,11,Thursday,Sunday,False
2025-09-09,2025-11-07,2025-11-11,Room 6,504,4.0,7200.0,1800.0,59,11,Friday,Tuesday,False
2025-11-12,2025-11-18,2025-11-27,Room 6,505,9.0,16200.0,1800.0,6,11,Tuesday,Thursday,False
2025-11-06,2025-11-19,2025-11-24,Room 12,507,5.0,9000.0,1800.0,13,11,Wednesday,Monday,False
2025-11-17,2025-11-19,2025-11-24,Room 7,506,5.0,9000.0,1800.0,2,11,Wednesday,Monday,False
2025-11-26,2025-11-28,2025-11-30,Room 6,508,2.0,3600.0,1800.0,2,11,Friday,Sunday,False
2025-11-30,2025-12-01,2025-12-02,Room 6,509,1.0,1800.0,1800.0,1,12,Monday,Tuesday,False
2025-11-22,2025-12-02,2025-12-03,Room 6,510,1.0,1800.0,1800.0,10,12,Tuesday,Wednesday,False
2025-12-05,2025-12-05,2025-12-06,Room 12,511,1.0,1600.0,1600.0,0,12,Friday,Saturday,False
2025-11-06,2025-12-11,2025-12-15,Room 6,322,4.0,6480.0,1620.0,35,12,Thursday,Monday,False
2025-12-12,2025-12-14,2025-12-17,Room 7,512,3.0,5400.0,1800.0,2,12,Sunday,Wednesday,True
2025-12-17,2025-12-17,2025-12-18,Room 6,513,1.0,1800.0,1800.0,0,12,Wednesday,Thursday,False
2025-12-16,2025-12-18,2025-12-22,Room 6,515,4.0,8600.0,2150.0,2,12,Thursday,Monday,False
2025-12-17,2025-12-18,2025-12-20,Room 12,514,2.0,3600.0,1800.0,1,12,Thursday,Saturday,False
2025-12-17,2025-12-20,2025-12-22,Room 8,515,2.0,5000.0,2500.0,3,12,Saturday,Monday,True
2025-11-16,2025-12-23,2025-12-30,Room 2,516,7.0,16560.0,2365.714285714286,37,12,Tuesday,Tuesday,False
2025-12-03,2025-12-24,2026-01-07,Room 4,517,14.0,33200.0,2371.4285714285716,21,12,Wednesday,Wednesday,False
2025-12-18,2025-12-24,2025-12-26,Room 6,518,2.0,5350.0,2675.0,6,12,Wednesday,Friday,False
2025-12-19,2025-12-26,2025-12-27,Room 6,519,1.0,2850.0,2850.0,7,12,Friday,Saturday,False
2025-12-26,2025-12-27,2025-12-31,Room 12,520,4.0,11400.0,2850.0,1,12,Saturday,Wednesday,True
2025-10-11,2025-12-27,2025-12-29,Room 6,307,2.0,5000.0,2500.0,77,12,Saturday,Monday,True
2025-12-05,2025-12-28,2026-01-04,Room 12,521,7.0,15750.0,2250.0,23,12,Sunday,Sunday,True
2025-12-03,2025-12-29,2026-01-02,Room 6,522,4.0,9810.0,2452.5,26,12,Monday,Friday,False
2025-12-27,2025-12-30,2026-01-01,Room 8,523,2.0,5800.0,2900.0,3,12,Tuesday,Thursday,False
2026-01-03,2026-01-03,2026-01-04,Room 6,524,1.0,1550.0,1550.0,0,1,Saturday,Sunday,True
2026-01-03,2026-01-04,2026-01-10,Room 8,525,6.0,9300.0,1550.0,1,1,Sunday,Saturday,True
2026-01-03,2026-01-04,2026-01-05,Room 6,526,1.0,1550.0,1550.0,1,1,Sunday,Monday,True
2026-01-03,2026-01-07,2026-01-11,Room 6,527,4.0,6200.0,1550.0,4,1,Wednesday,Sunday,False
2026-01-08,2026-01-08,2026-01-09,Room 12,528,1.0,2000.0,2000.0,0,1,Thursday,Friday,False
2025-12-29,2026-01-11,2026-01-15,Room 2,529,4.0,6000.0,1500.0,13,1,Sunday,Thursday,True
2026-01-14,2026-01-14,2026-01-15,Room 6,530,1.0,1500.0,1500.0,0,1,Wednesday,Thursday,False
2026-01-15,2026-01-15,2026-01-16,Room 6,531,1.0,1500.0,1500.0,0,1,Thursday,Friday,False
2026-01-17,2026-01-17,2026-01-18,Room 12,532,1.0,1500.0,1500.0,0,1,Saturday,Sunday,True
2026-01-22,2026-01-22,2026-01-23,Room 6,533,1.0,1500.0,1500.0,0,1,Thursday,Friday,False
2026-01-21,2026-01-23,2026-01-25,Room 8,534,2.0,3000.0,1500.0,2,1,Friday,Sunday,False
2026-01-19,2026-01-23,2026-01-25,Room 6,535,2.0,3000.0,1500.0,4,1,Friday,Sunday,False
2026-01-23,2026-01-23,2026-01-24,Room 12,536,1.0,1500.0,1500.0,0,1,Friday,Saturday,False
2026-01-22,2026-01-24,2026-01-25,Room 12,537,1.0,1500.0,1500.0,2,1,Saturday,Sunday,True
2026-01-25,2026-01-25,2026-01-27,Room 11,538,2.0,3000.0,1500.0,0,1,Sunday,Tuesday,True
2026-01-30,2026-01-30,2026-01-31,Room 6,539,1.0,1500.0,1500.0,0,1,Friday,Saturday,False
2026-02-07,2026-02-07,2026-02-08,Room 6,540,1.0,1500.0,1500.0,0,2,Saturday,Sunday,True
2026-02-03,2026-02-12,2026-02-13,Room 6,541,1.0,1500.0,1500.0,9,2,Thursday,Friday,False
2026-02-14,2026-02-14,2026-02-15,Room 9,542,1.0,1500.0,1500.0,0,2,Saturday,Sunday,True
2026-02-14,2026-02-14,2026-02-15,Room 6,543,1.0,1500.0,1500.0,0,2,Saturday,Sunday,True
2026-02-16,2026-02-16,2026-02-17,Room 6,544,1.0,1500.0,1500.0,0,2,Monday,Tuesday,False
2026-02-16,2026-02-18,2026-02-22,Room 7,545,4.0,6000.0,1500.0,2,2,Wednesday,Sunday,False
2026-01-25,2026-02-18,2026-02-20,Room 6,546,2.0,2700.0,1350.0,24,2,Wednesday,Friday,False
2026-02-20,2026-02-20,2026-02-21,Room 6,547,1.0,1500.0,1500.0,0,2,Friday,Saturday,False
2026-02-26,2026-02-26,2026-02-27,Room 6,548,1.0,1500.0,1500.0,0,2,Thursday,Friday,False
2026-03-01,2026-03-01,2026-03-02,Room 6,549,1.0,1500.0,1500.0,0,3,Sunday,Monday,True
