date,arriving_by_date,type,booking_date,start_date,end_date,nights,guest,listing,details,gross_earnings,earnings_year,lead_time,month,weekday,weekday_dept,is_weekend,price_per_night
02/26/2022,,Reservation,2022-02-25,2022-02-25,2022-03-06,9.0,1,Room 10,,10800.0,2022.0,0,2,Friday,Sunday,False,1200.0
02/28/2022,,Reservation,2022-02-26,2022-02-26,2022-02-27,1.0,2,Room 3,,800.0,2022.0,0,2,Saturday,Sunday,True,800.0
02/28/2022,,Reservation,2022-02-27,2022-02-27,2022-03-01,2.0,3,Room 6,,1680.0,2022.0,0,2,Sunday,Tuesday,True,840.0
02/28/2022,,Reservation,2022-02-27,2022-02-27,2022-02-28,1.0,4,Room 3,,800.0,2022.0,0,2,Sunday,Monday,True,800.0
03/03/2022,,Reservation,2022-02-28,2022-03-01,2022-03-03,2.0,5,Room 3,,2080.0,2022.0,1,3,Tuesday,Thursday,False,1040.0
03/02/2022,,Reservation,2022-03-01,2022-03-01,2022-03-02,1.0,6,Room 8,,824.0,2022.0,0,3,Tuesday,Wednesday,False,824.0
03/02/2022,,Reservation,2022-03-01,2022-03-01,2022-03-07,6.0,7,Room 7,,5040.0,2022.0,0,3,Tuesday,Monday,False,840.0
03/03/2022,,Reservation,2022-02-27,2022-03-02,2022-03-05,3.0,8,Room 6,,2394.0,2022.0,3,3,Wednesday,Saturday,False,798.0
03/06/2022,,Reservation,2022-03-03,2022-03-05,2022-03-07,2.0,9,Room 12,,1600.0,2022.0,2,3,Saturday,Monday,True,800.0
03/06/2022,,Reservation,2022-03-05,2022-03-05,2022-03-06,1.0,10,Room 6,,880.0,2022.0,0,3,Saturday,Sunday,True,880.0
03/07/2022,,Reservation,2022-03-05,2022-03-06,2022-03-07,1.0,11,Room 10,,880.0,2022.0,1,3,Sunday,Monday,True,880.0
03/07/2022,,Reservation,2022-03-05,2022-03-06,2022-03-09,3.0,12,Room 5,,2400.0,2022.0,1,3,Sunday,Wednesday,True,800.0
03/08/2022,,Reservation,2022-03-04,2022-03-07,2022-03-09,2.0,13,Room 12,,1600.0,2022.0,3,3,Monday,Wednesday,False,800.0
03/08/2022,,Reservation,2022-03-07,2022-03-07,2022-03-09,2.0,14,Room 10,,1760.0,2022.0,0,3,Monday,Wednesday,False,880.0
03/10/2022,,Reservation,2022-03-08,2022-03-09,2022-03-11,2.0,15,Room 10,,2800.0,2022.0,1,3,Wednesday,Friday,False,1400.0
03/10/2022,,Reservation,2022-03-08,2022-03-09,2022-03-10,1.0,16,Room 12,,1000.0,2022.0,1,3,Wednesday,Thursday,False,1000.0
03/12/2022,,Reservation,2022-03-11,2022-03-11,2022-03-12,1.0,17,Room 5,,848.0,2022.0,0,3,Friday,Saturday,False,848.0
03/12/2022,,Reservation,2022-03-05,2022-03-11,2022-03-12,1.0,18,Room 9,,840.0,2022.0,6,3,Friday,Saturday,False,840.0
03/12/2022,,Reservation,2022-03-05,2022-03-11,2022-03-13,2.0,19,Room 12,,1600.0,2022.0,6,3,Friday,Sunday,False,800.0
03/13/2022,,Reservation,2022-03-12,2022-03-12,2022-03-16,4.0,20,Room 8,,3256.0,2022.0,0,3,Saturday,Wednesday,True,814.0
03/14/2022,,Reservation,2022-03-12,2022-03-13,2022-03-16,3.0,21,Room 6,,3000.0,2022.0,1,3,Sunday,Wednesday,True,1000.0
03/14/2022,,Reservation,2022-03-13,2022-03-13,2022-03-14,1.0,22,Room 9,,960.0,2022.0,0,3,Sunday,Monday,True,960.0
03/14/2022,,Reservation,2022-03-12,2022-03-13,2022-03-16,3.0,23,Room 2,,3900.0,2022.0,1,3,Sunday,Wednesday,True,1300.0
03/15/2022,,Reservation,2022-03-07,2022-03-14,2022-03-17,3.0,24,Room 7,,2400.0,2022.0,7,3,Monday,Thursday,False,800.0
03/16/2022,,Reservation,2022-03-15,2022-03-15,2022-03-16,1.0,25,Room 10,,980.0,2022.0,0,3,Tuesday,Wednesday,False,980.0
03/17/2022,,Reservation,2022-03-12,2022-03-16,2022-03-18,2.0,26,Room 6,,2000.0,2022.0,4,3,Wednesday,Friday,False,1000.0
03/17/2022,,Reservation,2022-03-09,2022-03-16,2022-03-19,3.0,27,Room 12,,3000.0,2022.0,7,3,Wednesday,Saturday,False,1000.0
03/18/2022,,Reservation,2022-03-16,2022-03-17,2022-03-19,2.0,28,Room 5,,1800.0,2022.0,1,3,Thursday,Saturday,False,900.0
03/19/2022,,Reservation,2022-03-07,2022-03-18,2022-03-19,1.0,29,Room 7,,800.0,2022.0,11,3,Friday,Saturday,False,800.0
03/19/2022,,Reservation,2022-03-12,2022-03-18,2022-03-21,3.0,30,Room 10,,4200.0,2022.0,6,3,Friday,Monday,False,1400.0
03/20/2022,,Reservation,2022-03-19,2022-03-19,2022-03-20,1.0,31,Room 8,,1190.0,2022.0,0,3,Saturday,Sunday,True,1190.0
03/20/2022,,Reservation,2022-03-19,2022-03-19,2022-03-20,1.0,32,Room 12,,1400.0,2022.0,0,3,Saturday,Sunday,True,1400.0
03/21/2022,,Reservation,2022-03-20,2022-03-20,2022-03-21,1.0,33,Room 12,,1500.0,2022.0,0,3,Sunday,Monday,True,1500.0
03/22/2022,,Reservation,2022-03-10,2022-03-21,2022-03-24,3.0,34,Room 8,,2400.0,2022.0,11,3,Monday,Thursday,False,800.0
03/22/2022,,Reservation,2022-03-21,2022-03-21,2022-03-22,1.0,35,Room 6,,1000.0,2022.0,0,3,Monday,Tuesday,False,1000.0
03/22/2022,,Reservation,2022-03-20,2022-03-21,2022-03-22,1.0,36,Room 12,,1100.0,2022.0,1,3,Monday,Tuesday,False,1100.0
03/25/2022,,Reservation,2022-03-23,2022-03-23,2022-03-25,2.0,37,Room 7,,1800.0,2022.0,0,3,Wednesday,Friday,False,900.0
03/25/2022,,Reservation,2022-03-24,2022-03-24,2022-03-25,1.0,38,Room 6,,1000.0,2022.0,0,3,Thursday,Friday,False,1000.0
03/26/2022,,Reservation,2022-03-25,2022-03-25,2022-03-28,3.0,39,Room 10,,3300.0,2022.0,0,3,Friday,Monday,False,1100.0
03/27/2022,,Reservation,2022-03-25,2022-03-26,2022-03-27,1.0,40,Room 6,,1050.0,2022.0,1,3,Saturday,Sunday,True,1050.0
03/27/2022,,Reservation,2022-03-24,2022-03-26,2022-03-28,2.0,41,Room 12,,1500.0,2022.0,2,3,Saturday,Monday,True,750.0
03/28/2022,,Reservation,2022-03-27,2022-03-27,2022-03-30,3.0,42,Room 12,,3200.0,2022.0,0,3,Sunday,Wednesday,True,1066.6666666666667
03/29/2022,,Reservation,2022-03-28,2022-03-28,2022-03-29,1.0,43,Room 7,,970.0,2022.0,0,3,Monday,Tuesday,False,970.0
03/29/2022,,Reservation,2022-03-28,2022-03-28,2022-03-29,1.0,44,Room 5,,900.0,2022.0,0,3,Monday,Tuesday,False,900.0
03/29/2022,,Reservation,2022-03-28,2022-03-28,2022-03-29,1.0,45,Room 10,,1100.0,2022.0,0,3,Monday,Tuesday,False,1100.0
03/29/2022,,Reservation,2022-03-27,2022-03-28,2022-03-29,1.0,46,Room 8,,870.0,2022.0,1,3,Monday,Tuesday,False,870.0
03/30/2022,,Reservation,2022-03-29,2022-03-29,2022-03-30,1.0,47,Room 7,,970.0,2022.0,0,3,Tuesday,Wednesday,False,970.0
03/30/2022,,Reservation,2022-03-28,2022-03-29,2022-03-30,1.0,44,Room 5,,900.0,2022.0,1,3,Tuesday,Wednesday,False,900.0
03/31/2022,,Reservation,2022-03-30,2022-03-30,2022-03-31,1.0,48,Room 7,,970.0,2022.0,0,3,Wednesday,Thursday,False,970.0
03/31/2022,,Reservation,2022-03-29,2022-03-30,2022-03-31,1.0,49,Room 8,,900.0,2022.0,1,3,Wednesday,Thursday,False,900.0
04/01/2022,,Reservation,2022-03-31,2022-03-31,2022-04-01,1.0,50,Room 6,,1050.0,2022.0,0,3,Thursday,Friday,False,1050.0
04/03/2022,,Reservation,2022-04-02,2022-04-02,2022-04-04,2.0,51,Room 12,,1900.0,2022.0,0,4,Saturday,Monday,True,950.0
04/04/2022,,Reservation,2022-04-03,2022-04-03,2022-04-05,2.0,52,Room 12,,2050.0,2022.0,0,4,Sunday,Tuesday,True,1025.0
04/04/2022,,Reservation,2022-04-03,2022-04-03,2022-04-04,1.0,53,Room 8,,990.0,2022.0,0,4,Sunday,Monday,True,990.0
04/05/2022,,Reservation,2022-04-04,2022-04-04,2022-04-06,2.0,54,Room 8,,2000.0,2022.0,0,4,Monday,Wednesday,False,1000.0
04/07/2022,,Reservation,2022-04-06,2022-04-06,2022-04-07,1.0,55,Room 10,,970.0,2022.0,0,4,Wednesday,Thursday,False,970.0
04/08/2022,,Reservation,2022-04-06,2022-04-07,2022-04-12,5.0,56,Room 2,,6500.0,2022.0,1,4,Thursday,Tuesday,False,1300.0
04/08/2022,,Reservation,2022-04-07,2022-04-07,2022-04-08,1.0,57,Room 8,,1000.0,2022.0,0,4,Thursday,Friday,False,1000.0
04/09/2022,,Reservation,2022-04-08,2022-04-08,2022-04-09,1.0,58,Room 8,,1000.0,2022.0,0,4,Friday,Saturday,False,1000.0
04/11/2022,,Reservation,2022-04-09,2022-04-10,2022-04-12,2.0,59,Room 6,,2300.0,2022.0,1,4,Sunday,Tuesday,True,1150.0
04/11/2022,,Reservation,2022-04-06,2022-04-10,2022-04-11,1.0,60,Room 8,,1500.0,2022.0,4,4,Sunday,Monday,True,1500.0
04/14/2022,,Reservation,2022-04-13,2022-04-13,2022-04-14,1.0,61,Room 7,,980.0,2022.0,0,4,Wednesday,Thursday,False,980.0
04/14/2022,,Reservation,2022-04-10,2022-04-13,2022-04-14,1.0,62,Room 8,,1000.0,2022.0,3,4,Wednesday,Thursday,False,1000.0
04/15/2022,,Reservation,2022-04-14,2022-04-14,2022-04-16,2.0,63,Room 8,,3000.0,2022.0,0,4,Thursday,Saturday,False,1500.0
04/17/2022,,Reservation,2022-04-15,2022-04-16,2022-04-18,2.0,64,Room 6,,2500.0,2022.0,1,4,Saturday,Monday,True,1250.0
04/17/2022,,Reservation,2022-04-13,2022-04-16,2022-04-17,1.0,65,Room 8,,1750.0,2022.0,3,4,Saturday,Sunday,True,1750.0
04/18/2022,,Reservation,2022-04-16,2022-04-17,2022-04-19,2.0,66,Room 8,,2000.0,2022.0,1,4,Sunday,Tuesday,True,1000.0
04/18/2022,,Reservation,2022-04-16,2022-04-17,2022-04-18,1.0,67,Room 10,,1000.0,2022.0,1,4,Sunday,Monday,True,1000.0
04/19/2022,,Reservation,2022-04-17,2022-04-18,2022-04-22,4.0,68,Room 6,,4000.0,2022.0,1,4,Monday,Friday,False,1000.0
04/20/2022,,Reservation,2022-04-18,2022-04-19,2022-04-21,2.0,69,Room 12,,2400.0,2022.0,1,4,Tuesday,Thursday,False,1200.0
04/22/2022,,Reservation,2022-04-20,2022-04-21,2022-04-23,2.0,70,Room 7,,2000.0,2022.0,1,4,Thursday,Saturday,False,1000.0
04/24/2022,,Reservation,2022-04-23,2022-04-23,2022-04-26,3.0,71,Room 8,,3400.0,2022.0,0,4,Saturday,Tuesday,True,1133.3333333333333
04/24/2022,,Reservation,2022-04-13,2022-04-23,2022-04-25,2.0,72,Room 7,,2700.0,2022.0,10,4,Saturday,Monday,True,1350.0
04/25/2022,,Reservation,2022-04-24,2022-04-24,2022-04-25,1.0,73,Room 12,,1150.0,2022.0,0,4,Sunday,Monday,True,1150.0
04/27/2022,,Reservation,2022-04-26,2022-04-26,2022-05-02,6.0,74,Room 6,,8200.0,2022.0,0,4,Tuesday,Monday,False,1366.6666666666667
05/01/2022,,Reservation,2022-04-30,2022-04-30,2022-05-01,1.0,75,Room 5,,1000.0,2022.0,0,4,Saturday,Sunday,True,1000.0
05/03/2022,,Reservation,2022-05-02,2022-05-02,2022-05-07,5.0,76,Room 7,,6500.0,2022.0,0,5,Monday,Saturday,False,1300.0
05/03/2022,,Reservation,2022-05-02,2022-05-02,2022-05-03,1.0,77,Room 8,,1500.0,2022.0,0,5,Monday,Tuesday,False,1500.0
05/05/2022,,Reservation,2022-05-04,2022-05-04,2022-05-05,1.0,78,Room 6,,1200.0,2022.0,0,5,Wednesday,Thursday,False,1200.0
05/05/2022,,Reservation,2022-05-01,2022-05-04,2022-05-07,3.0,79,Room 8,,3900.0,2022.0,3,5,Wednesday,Saturday,False,1300.0
05/06/2022,,Reservation,2022-05-04,2022-05-05,2022-05-06,1.0,80,Room 6,,1200.0,2022.0,1,5,Thursday,Friday,False,1200.0
05/10/2022,,Reservation,2022-05-09,2022-05-09,2022-05-10,1.0,81,Room 6,,1300.0,2022.0,0,5,Monday,Tuesday,False,1300.0
05/12/2022,,Reservation,2022-05-11,2022-05-11,2022-05-15,4.0,82,Room 8,,5800.0,2022.0,0,5,Wednesday,Sunday,False,1450.0
05/18/2022,,Reservation,2022-05-16,2022-05-17,2022-05-31,14.0,83,Room 11,,22400.0,2022.0,1,5,Tuesday,Tuesday,False,1600.0
05/29/2022,,Reservation,2022-05-27,2022-05-28,2022-05-30,2.0,84,Room 7,,2200.0,2022.0,1,5,Saturday,Monday,True,1100.0
05/29/2022,,Reservation,2022-05-28,2022-05-28,2022-05-29,1.0,85,Room 12,,1100.0,2022.0,0,5,Saturday,Sunday,True,1100.0
05/30/2022,,Reservation,2022-05-28,2022-05-29,2022-05-31,2.0,86,Room 8,,2160.0,2022.0,1,5,Sunday,Tuesday,True,1080.0
05/30/2022,,Reservation,2022-05-29,2022-05-29,2022-05-30,1.0,87,Room 6,,1100.0,2022.0,0,5,Sunday,Monday,True,1100.0
06/01/2022,,Reservation,2022-05-29,2022-05-31,2022-06-05,5.0,83,Room 6,,5500.0,2022.0,2,5,Tuesday,Sunday,False,1100.0
06/03/2022,,Reservation,2022-06-01,2022-06-02,2022-06-03,1.0,88,Room 8,,1150.0,2022.0,1,6,Thursday,Friday,False,1150.0
06/07/2022,,Reservation,2022-06-05,2022-06-06,2022-06-07,1.0,89,Room 6,,1000.0,2022.0,1,6,Monday,Tuesday,False,1000.0
06/11/2022,,Reservation,2022-06-07,2022-06-10,2022-06-13,3.0,90,Room 6,,3150.0,2022.0,3,6,Friday,Monday,False,1050.0
06/15/2022,,Reservation,2022-06-10,2022-06-14,2022-06-18,4.0,91,Room 6,,4200.0,2022.0,4,6,Tuesday,Saturday,False,1050.0
06/16/2022,,Reservation,2022-06-14,2022-06-15,2022-06-17,2.0,92,Room 8,,2040.0,2022.0,1,6,Wednesday,Friday,False,1020.0
06/17/2022,,Reservation,2022-06-16,2022-06-16,2022-06-17,1.0,93,Room 9,,1200.0,2022.0,0,6,Thursday,Friday,False,1200.0
06/17/2022,,Reservation,2022-06-14,2022-06-16,2022-06-17,1.0,94,Room 7,,1000.0,2022.0,2,6,Thursday,Friday,False,1000.0
06/19/2022,,Reservation,2022-06-18,2022-06-18,2022-06-21,3.0,95,Room 7,,3000.0,2022.0,0,6,Saturday,Tuesday,True,1000.0
06/19/2022,,Reservation,2022-06-16,2022-06-18,2022-06-19,1.0,96,Room 6,,1050.0,2022.0,2,6,Saturday,Sunday,True,1050.0
06/20/2022,,Reservation,2022-06-19,2022-06-19,2022-06-20,1.0,97,Room 6,,1050.0,2022.0,0,6,Sunday,Monday,True,1050.0
06/26/2022,,Reservation,2022-06-25,2022-06-25,2022-06-26,1.0,98,Room 6,,1050.0,2022.0,0,6,Saturday,Sunday,True,1050.0
06/27/2022,,Reservation,2022-06-26,2022-06-26,2022-06-27,1.0,99,Room 8,,1000.0,2022.0,0,6,Sunday,Monday,True,1000.0
07/01/2022,,Reservation,2022-06-30,2022-06-30,2022-07-03,3.0,100,Room 6,,3150.0,2022.0,0,6,Thursday,Sunday,False,1050.0
07/02/2022,,Reservation,2022-06-17,2022-07-01,2022-07-02,1.0,101,Room 7,,1100.0,2022.0,14,7,Friday,Saturday,False,1100.0
07/08/2022,,Reservation,2022-07-02,2022-07-07,2022-07-08,1.0,101,Room 7,,1100.0,2022.0,5,7,Thursday,Friday,False,1100.0
07/15/2022,,Reservation,2022-07-13,2022-07-14,2022-07-15,1.0,102,Room 6,,1050.0,2022.0,1,7,Thursday,Friday,False,1050.0
07/18/2022,,Reservation,2022-07-17,2022-07-17,2022-07-18,1.0,103,Room 8,,1050.0,2022.0,0,7,Sunday,Monday,True,1050.0
07/31/2022,,Reservation,2022-07-28,2022-07-30,2022-07-31,1.0,104,Room 8,,1000.0,2022.0,2,7,Saturday,Sunday,True,1000.0
07/31/2022,,Reservation,2022-07-29,2022-07-30,2022-07-31,1.0,105,Room 12,,1050.0,2022.0,1,7,Saturday,Sunday,True,1050.0
08/03/2022,,Reservation,2022-08-01,2022-08-02,2022-08-03,1.0,106,Room 6,,1200.0,2022.0,1,8,Tuesday,Wednesday,False,1200.0
08/03/2022,,Reservation,2022-07-24,2022-08-02,2022-08-03,1.0,107,Room 7,,1100.0,2022.0,9,8,Tuesday,Wednesday,False,1100.0
08/05/2022,,Reservation,2022-07-29,2022-08-04,2022-08-06,2.0,108,Room 7,,2200.0,2022.0,6,8,Thursday,Saturday,False,1100.0
08/07/2022,,Reservation,2022-08-06,2022-08-06,2022-08-07,1.0,109,Room 8,,1250.0,2022.0,0,8,Saturday,Sunday,True,1250.0
08/07/2022,,Reservation,2022-08-02,2022-08-06,2022-08-11,5.0,110,Room 7,,5750.0,2022.0,4,8,Saturday,Thursday,True,1150.0
08/12/2022,,Reservation,2022-08-10,2022-08-11,2022-08-13,2.0,111,Room 8,,2200.0,2022.0,1,8,Thursday,Saturday,False,1100.0
08/13/2022,,Reservation,2022-08-11,2022-08-12,2022-08-13,1.0,112,Room 6,,1100.0,2022.0,1,8,Friday,Saturday,False,1100.0
08/14/2022,,Reservation,2022-08-11,2022-08-13,2022-08-15,2.0,113,Room 7,,3000.0,2022.0,2,8,Saturday,Monday,True,1500.0
08/14/2022,,Reservation,2022-08-13,2022-08-13,2022-08-14,1.0,114,Room 6,,1500.0,2022.0,0,8,Saturday,Sunday,True,1500.0
08/14/2022,,Reservation,2022-08-13,2022-08-13,2022-08-14,1.0,115,Room 12,,1500.0,2022.0,0,8,Saturday,Sunday,True,1500.0
08/14/2022,,Reservation,2022-08-13,2022-08-13,2022-08-15,2.0,116,Room 10,,3000.0,2022.0,0,8,Saturday,Monday,True,1500.0
08/15/2022,,Reservation,2022-08-12,2022-08-14,2022-08-17,3.0,117,Room 6,,4500.0,2022.0,2,8,Sunday,Wednesday,True,1500.0
08/15/2022,,Reservation,2022-08-13,2022-08-14,2022-08-16,2.0,118,Room 12,,3000.0,2022.0,1,8,Sunday,Tuesday,True,1500.0
08/18/2022,,Reservation,2022-08-17,2022-08-17,2022-08-19,2.0,119,Room 6,,2200.0,2022.0,0,8,Wednesday,Friday,False,1100.0
08/19/2022,,Reservation,2022-08-18,2022-08-18,2022-08-19,1.0,120,Room 8,,1200.0,2022.0,0,8,Thursday,Friday,False,1200.0
08/20/2022,,Reservation,2022-08-19,2022-08-19,2022-08-20,1.0,121,Room 6,,1100.0,2022.0,0,8,Friday,Saturday,False,1100.0
08/20/2022,,Reservation,2022-08-18,2022-08-19,2022-08-21,2.0,122,Room 7,,2650.0,2022.0,1,8,Friday,Sunday,False,1325.0
08/20/2022,,Reservation,2022-08-19,2022-08-19,2022-08-21,2.0,123,Room 8,,2450.0,2022.0,0,8,Friday,Sunday,False,1225.0
08/23/2022,,Reservation,2022-08-21,2022-08-22,2022-08-25,3.0,124,Room 7,,3450.0,2022.0,1,8,Monday,Thursday,False,1150.0
08/25/2022,,Reservation,2022-08-24,2022-08-24,2022-08-25,1.0,125,Room 12,,1500.0,2022.0,0,8,Wednesday,Thursday,False,1500.0
08/29/2022,,Reservation,2022-08-27,2022-08-28,2022-08-29,1.0,109,Room 6,,1300.0,2022.0,1,8,Sunday,Monday,True,1300.0
09/09/2022,,Reservation,2022-09-07,2022-09-08,2022-09-11,3.0,126,Room 6,,4600.0,2022.0,1,9,Thursday,Sunday,False,1533.3333333333333
09/18/2022,,Reservation,2022-09-17,2022-09-17,2022-09-19,2.0,127,Room 7,,2800.0,2022.0,0,9,Saturday,Monday,True,1400.0
09/18/2022,,Reservation,2022-09-17,2022-09-17,2022-09-20,3.0,128,Room 6,,4500.0,2022.0,0,9,Saturday,Tuesday,True,1500.0
09/19/2022,,Reservation,2022-09-18,2022-09-18,2022-09-21,3.0,129,Room 10,,3570.0,2022.0,0,9,Sunday,Wednesday,True,1190.0
12/11/2022,,Reservation,2022-09-20,2022-09-20,2022-09-22,2.0,130,Room 7,,2600.0,2022.0,0,9,Tuesday,Thursday,False,1300.0
09/22/2022,,Reservation,2022-09-18,2022-09-21,2022-09-22,1.0,131,Room 6,,1300.0,2022.0,3,9,Wednesday,Thursday,False,1300.0
09/23/2022,,Reservation,2022-09-17,2022-09-22,2022-09-24,2.0,132,Room 6,,2600.0,2022.0,5,9,Thursday,Saturday,False,1300.0
09/26/2022,,Reservation,2022-09-20,2022-09-25,2022-09-29,4.0,133,Room 6,,5500.0,2022.0,5,9,Sunday,Thursday,True,1375.0
10/02/2022,,Reservation,2022-09-30,2022-10-01,2022-10-02,1.0,134,Room 6,,1500.0,2022.0,1,10,Saturday,Sunday,True,1500.0
10/03/2022,,Reservation,2022-09-24,2022-10-02,2022-10-03,1.0,135,Room 6,,1500.0,2022.0,8,10,Sunday,Monday,True,1500.0
10/06/2022,,Reservation,2022-10-05,2022-10-05,2022-10-06,1.0,136,Room 5,,1600.0,2022.0,0,10,Wednesday,Thursday,False,1600.0
10/09/2022,,Reservation,2022-10-08,2022-10-08,2022-10-09,1.0,137,Room 8,,1600.0,2022.0,0,10,Saturday,Sunday,True,1600.0
10/16/2022,,Reservation,2022-10-15,2022-10-15,2022-10-16,1.0,138,Room 8,,1400.0,2022.0,0,10,Saturday,Sunday,True,1400.0
10/16/2022,,Reservation,2022-10-14,2022-10-15,2022-10-16,1.0,139,Room 6,,1600.0,2022.0,1,10,Saturday,Sunday,True,1600.0
10/23/2022,,Reservation,2022-10-17,2022-10-22,2022-10-24,2.0,140,Room 6,,3200.0,2022.0,5,10,Saturday,Monday,True,1600.0
10/24/2022,,Reservation,2022-09-25,2022-10-23,2022-10-25,2.0,141,Room 12,,3200.0,2022.0,28,10,Sunday,Tuesday,True,1600.0
10/25/2022,,Reservation,2022-10-24,2022-10-24,2022-10-26,2.0,142,Room 5,,4000.0,2022.0,0,10,Monday,Wednesday,False,2000.0
10/25/2022,,Reservation,2022-10-24,2022-10-24,2022-10-26,2.0,143,Room 10,,4000.0,2022.0,0,10,Monday,Wednesday,False,2000.0
11/06/2022,,Reservation,2022-09-07,2022-11-05,2022-11-08,3.0,144,Room 12,,5200.0,2022.0,59,11,Saturday,Tuesday,True,1733.3333333333333
11/11/2022,,Reservation,2022-09-15,2022-11-10,2022-11-14,4.0,145,Room 12,,8000.0,2022.0,56,11,Thursday,Monday,False,2000.0
11/11/2022,,Reservation,2022-10-11,2022-11-10,2022-11-14,4.0,146,Room 6,,8000.0,2022.0,30,11,Thursday,Monday,False,2000.0
11/12/2022,,Reservation,2022-10-18,2022-11-11,2022-11-14,3.0,147,Room 8,,6000.0,2022.0,24,11,Friday,Monday,False,2000.0
11/20/2022,,Reservation,2022-11-17,2022-11-19,2022-11-25,6.0,148,Room 2,,13700.0,2022.0,2,11,Saturday,Friday,True,2283.3333333333335
11/20/2022,,Reservation,2022-11-19,2022-11-19,2022-11-29,10.0,149,Room 10,,21500.0,2022.0,0,11,Saturday,Tuesday,True,2150.0
11/21/2022,,Reservation,2022-11-16,2022-11-20,2022-11-24,4.0,150,Room 12,,8000.0,2022.0,4,11,Sunday,Thursday,True,2000.0
11/21/2022,,Reservation,2022-11-11,2022-11-20,2022-11-24,4.0,151,Room 6,,8000.0,2022.0,9,11,Sunday,Thursday,True,2000.0
11/22/2022,,Reservation,2022-11-21,2022-11-21,2022-11-28,7.0,152,Room 3,,14744.0,2022.0,0,11,Monday,Monday,False,2106.285714285714
11/22/2022,,Reservation,2022-11-16,2022-11-21,2022-11-25,4.0,153,Room 12,,8000.0,2022.0,5,11,Monday,Friday,False,2000.0
11/22/2022,,Reservation,2022-11-19,2022-11-21,2022-11-25,4.0,154,Room 4,,8800.0,2022.0,2,11,Monday,Friday,False,2200.0
11/25/2022,,Reservation,2022-11-19,2022-11-24,2022-11-26,2.0,155,Room 12,,5000.0,2022.0,5,11,Thursday,Saturday,False,2500.0
11/29/2022,,Reservation,2022-11-23,2022-11-26,2022-11-27,1.0,156,Room 6,,2000.0,2022.0,3,11,Saturday,Sunday,True,2000.0
12/05/2022,,Reservation,2022-12-04,2022-12-04,2022-12-05,1.0,157,Room 6,,1500.0,2022.0,0,12,Sunday,Monday,True,1500.0
12/11/2022,,Reservation,2022-12-09,2022-12-10,2022-12-11,1.0,158,Room 12,,2400.0,2022.0,1,12,Saturday,Sunday,True,2400.0
12/18/2022,,Reservation,2022-12-16,2022-12-17,2022-12-18,1.0,159,Room 12,,1800.0,2022.0,1,12,Saturday,Sunday,True,1800.0
12/18/2022,,Reservation,2022-07-21,2022-12-17,2022-12-18,1.0,160,Room 6,,1500.0,2022.0,149,12,Saturday,Sunday,True,1500.0
12/18/2022,,Reservation,2022-12-16,2022-12-17,2022-12-18,1.0,161,Room 8,,2000.0,2022.0,1,12,Saturday,Sunday,True,2000.0
12/19/2022,,Reservation,2022-12-17,2022-12-18,2022-12-20,2.0,162,Room 12,,3600.0,2022.0,1,12,Sunday,Tuesday,True,1800.0
12/19/2022,,Reservation,2022-12-17,2022-12-18,2022-12-24,6.0,163,Room 12,,12100.0,2022.0,1,12,Sunday,Saturday,True,2016.6666666666667
12/20/2022,,Reservation,2022-12-12,2022-12-19,2022-12-23,4.0,164,Room 6,,8000.0,2022.0,7,12,Monday,Friday,False,2000.0
12/21/2022,,Reservation,2022-12-19,2022-12-20,2022-12-23,3.0,165,Room 12,,5400.0,2022.0,1,12,Tuesday,Friday,False,1800.0
12/23/2022,,Reservation,2022-12-21,2022-12-22,2022-12-23,1.0,104,Room 8,,1800.0,2022.0,1,12,Thursday,Friday,False,1800.0
12/24/2022,,Reservation,2022-12-23,2022-12-23,2022-12-24,1.0,166,Room 7,,1750.0,2022.0,0,12,Friday,Saturday,False,1750.0
12/27/2022,,Reservation,2022-11-06,2022-12-26,2022-12-27,1.0,167,Room 12,,2500.0,2022.0,50,12,Monday,Tuesday,False,2500.0
12/28/2022,,Reservation,2022-12-15,2022-12-27,2022-12-30,3.0,168,Room 8,,10500.0,2022.0,12,12,Tuesday,Friday,False,3500.0
12/29/2022,,Reservation,2022-12-20,2022-12-28,2023-01-01,4.0,169,Room 3,,16000.0,2022.0,8,12,Wednesday,Sunday,False,4000.0
12/30/2022,,Reservation,2022-12-27,2022-12-29,2023-01-01,3.0,170,Room 5,,10500.0,2022.0,2,12,Thursday,Sunday,False,3500.0
12/30/2022,,Reservation,2022-12-05,2022-12-29,2023-01-01,3.0,171,Room 6,,10500.0,2022.0,24,12,Thursday,Sunday,False,3500.0
12/31/2022,,Reservation,2022-11-28,2022-12-30,2022-12-31,1.0,172,Room 12,,3500.0,2022.0,32,12,Friday,Saturday,False,3500.0
12/31/2022,,Reservation,2022-12-26,2022-12-30,2023-01-01,2.0,173,Room 8,,7000.0,2022.0,4,12,Friday,Sunday,False,3500.0
01/05/2023,,Reservation,2023-01-04,2023-01-04,2023-01-05,1.0,174,Room 12,,1500.0,2023.0,0,1,Wednesday,Thursday,False,1500.0
01/17/2023,,Reservation,2023-01-16,2023-01-16,2023-01-17,1.0,175,Room 8,,1300.0,2023.0,0,1,Monday,Tuesday,False,1300.0
01/21/2023,,Reservation,2023-01-20,2023-01-20,2023-01-21,1.0,176,Room 6,,1500.0,2023.0,0,1,Friday,Saturday,False,1500.0
01/23/2023,,Reservation,2023-01-22,2023-01-22,2023-01-23,1.0,177,Room 8,,1400.0,2023.0,0,1,Sunday,Monday,True,1400.0
01/24/2023,,Reservation,2023-01-22,2023-01-23,2023-01-27,4.0,178,Room 8,,5900.0,2023.0,1,1,Monday,Friday,False,1475.0
01/27/2023,,Reservation,2022-12-26,2023-01-26,2023-01-27,1.0,96,Room 6,,1500.0,2023.0,31,1,Thursday,Friday,False,1500.0
01/28/2023,,Reservation,2023-01-26,2023-01-27,2023-01-29,2.0,179,Room 12,,5000.0,2023.0,1,1,Friday,Sunday,False,2500.0
01/28/2023,,Reservation,2023-01-25,2023-01-27,2023-01-28,1.0,180,Room 8,,2000.0,2023.0,2,1,Friday,Saturday,False,2000.0
01/29/2023,,Reservation,2023-01-20,2023-01-28,2023-01-30,2.0,181,Room 8,,3000.0,2023.0,8,1,Saturday,Monday,True,1500.0
01/29/2023,,Reservation,2022-12-21,2023-01-28,2023-01-29,1.0,182,Room 6,,1500.0,2023.0,38,1,Saturday,Sunday,True,1500.0
02/02/2023,,Reservation,2023-02-01,2023-02-01,2023-02-02,1.0,183,Room 6,,1500.0,2023.0,0,2,Wednesday,Thursday,False,1500.0
02/05/2023,,Reservation,2023-01-04,2023-02-04,2023-02-05,1.0,184,Room 6,,1350.0,2023.0,31,2,Saturday,Sunday,True,1350.0
02/05/2023,,Reservation,2023-02-03,2023-02-04,2023-02-05,1.0,185,Room 8,,1300.0,2023.0,1,2,Saturday,Sunday,True,1300.0
02/10/2023,,Reservation,2023-02-08,2023-02-09,2023-02-10,1.0,186,Room 6,,1350.0,2023.0,1,2,Thursday,Friday,False,1350.0
02/13/2023,,Reservation,2023-02-12,2023-02-12,2023-02-13,1.0,187,Room 8,,1500.0,2023.0,0,2,Sunday,Monday,True,1500.0
02/13/2023,,Reservation,2023-02-12,2023-02-12,2023-02-14,2.0,188,Room 7,,2700.0,2023.0,0,2,Sunday,Tuesday,True,1350.0
02/13/2023,,Reservation,2023-01-26,2023-02-12,2023-02-13,1.0,189,Room 6,,1350.0,2023.0,17,2,Sunday,Monday,True,1350.0
02/14/2023,,Reservation,2023-02-11,2023-02-13,2023-02-14,1.0,190,Room 8,,1500.0,2023.0,2,2,Monday,Tuesday,False,1500.0
02/15/2023,,Reservation,2023-02-11,2023-02-14,2023-02-15,1.0,191,Room 7,,1750.0,2023.0,3,2,Tuesday,Wednesday,False,1750.0
02/18/2023,,Reservation,2023-02-14,2023-02-17,2023-02-19,2.0,192,Room 6,,3000.0,2023.0,3,2,Friday,Sunday,False,1500.0
02/19/2023,,Reservation,2023-02-17,2023-02-18,2023-02-21,3.0,193,Room 12,,4500.0,2023.0,1,2,Saturday,Tuesday,True,1500.0
02/22/2023,,Reservation,2023-02-20,2023-02-21,2023-02-22,1.0,194,Room 7,,1300.0,2023.0,1,2,Tuesday,Wednesday,False,1300.0
02/23/2023,,Reservation,2023-01-28,2023-02-22,2023-02-23,1.0,195,Room 8,,1350.0,2023.0,25,2,Wednesday,Thursday,False,1350.0
02/26/2023,,Reservation,2023-02-25,2023-02-25,2023-02-27,2.0,159,Room 12,,3000.0,2023.0,0,2,Saturday,Monday,True,1500.0
02/26/2023,,Reservation,2023-02-25,2023-02-25,2023-02-26,1.0,196,Room 7,,1300.0,2023.0,0,2,Saturday,Sunday,True,1300.0
02/27/2023,,Reservation,2023-02-26,2023-02-26,2023-03-06,8.0,197,Room 8,,11700.0,2023.0,0,2,Sunday,Monday,True,1462.5
02/28/2023,,Reservation,2023-02-26,2023-02-27,2023-02-28,1.0,198,Room 6,,1300.0,2023.0,1,2,Monday,Tuesday,False,1300.0
02/28/2023,,Reservation,2023-02-27,2023-02-27,2023-02-28,1.0,199,Room 7,,1300.0,2023.0,0,2,Monday,Tuesday,False,1300.0
03/01/2023,,Reservation,2023-02-28,2023-02-28,2023-03-01,1.0,200,Room 6,,1300.0,2023.0,0,2,Tuesday,Wednesday,False,1300.0
03/04/2023,,Reservation,2023-02-26,2023-03-03,2023-03-05,2.0,201,Room 6,,3000.0,2023.0,5,3,Friday,Sunday,False,1500.0
03/07/2023,,Reservation,2023-03-03,2023-03-06,2023-03-07,1.0,202,Room 6,,1500.0,2023.0,3,3,Monday,Tuesday,False,1500.0
03/10/2023,,Reservation,2023-03-09,2023-03-09,2023-03-10,1.0,203,Room 6,,1500.0,2023.0,0,3,Thursday,Friday,False,1500.0
03/11/2023,,Reservation,2023-03-10,2023-03-10,2023-03-11,1.0,204,Room 6,,1500.0,2023.0,0,3,Friday,Saturday,False,1500.0
03/14/2023,,Reservation,2023-03-13,2023-03-13,2023-03-14,1.0,205,Room 6,,1300.0,2023.0,0,3,Monday,Tuesday,False,1300.0
03/17/2023,,Reservation,2023-03-15,2023-03-16,2023-03-17,1.0,206,Room 6,,1300.0,2023.0,1,3,Thursday,Friday,False,1300.0
03/22/2023,,Reservation,2023-03-20,2023-03-21,2023-03-24,3.0,207,Room 7,,3950.0,2023.0,1,3,Tuesday,Friday,False,1316.6666666666667
03/23/2023,,Reservation,2023-03-14,2023-03-22,2023-03-23,1.0,208,Room 6,,1300.0,2023.0,8,3,Wednesday,Thursday,False,1300.0
03/29/2023,,Reservation,2023-03-28,2023-03-28,2023-03-29,1.0,209,Room 7,,1200.0,2023.0,0,3,Tuesday,Wednesday,False,1200.0
04/07/2023,,Reservation,2023-04-06,2023-04-06,2023-04-07,1.0,210,Room 6,,1300.0,2023.0,0,4,Thursday,Friday,False,1300.0
04/16/2023,,Reservation,2023-04-15,2023-04-15,2023-04-16,1.0,211,Room 7,,1250.0,2023.0,0,4,Saturday,Sunday,True,1250.0
04/21/2023,,Reservation,2023-04-06,2023-04-20,2023-04-23,3.0,212,Room 6,,4300.0,2023.0,14,4,Thursday,Sunday,False,1433.3333333333333
04/22/2023,,Reservation,2023-04-21,2023-04-21,2023-04-22,1.0,61,Room 7,,1250.0,2023.0,0,4,Friday,Saturday,False,1250.0
04/23/2023,,Reservation,2023-04-21,2023-04-22,2023-04-24,2.0,213,Room 7,,2500.0,2023.0,1,4,Saturday,Monday,True,1250.0
04/29/2023,,Reservation,2023-04-28,2023-04-28,2023-04-29,1.0,214,Room 7,,1150.0,2023.0,0,4,Friday,Saturday,False,1150.0
05/11/2023,,Reservation,2023-05-10,2023-05-10,2023-05-11,1.0,215,Room 6,,1150.0,2023.0,0,5,Wednesday,Thursday,False,1150.0
05/15/2023,,Reservation,2023-05-14,2023-05-14,2023-05-17,3.0,216,Room 12,,3750.0,2023.0,0,5,Sunday,Wednesday,True,1250.0
05/17/2023,,Reservation,2023-05-13,2023-05-16,2023-05-18,2.0,217,Room 6,,2300.0,2023.0,3,5,Tuesday,Thursday,False,1150.0
05/20/2023,,Reservation,2023-05-17,2023-05-19,2023-05-20,1.0,218,Room 6,,1150.0,2023.0,2,5,Friday,Saturday,False,1150.0
05/22/2023,,Reservation,2023-05-19,2023-05-21,2023-05-26,5.0,219,Room 7,,5750.0,2023.0,2,5,Sunday,Friday,True,1150.0
05/23/2023,,Reservation,2023-05-22,2023-05-22,2023-05-23,1.0,220,Room 6,,1150.0,2023.0,0,5,Monday,Tuesday,False,1150.0
05/27/2023,,Reservation,2023-05-23,2023-05-26,2023-05-27,1.0,221,Room 7,,1150.0,2023.0,3,5,Friday,Saturday,False,1150.0
05/27/2023,,Reservation,2023-05-22,2023-05-26,2023-05-27,1.0,222,Room 6,,1150.0,2023.0,4,5,Friday,Saturday,False,1150.0
05/29/2023,,Reservation,2023-05-27,2023-05-28,2023-05-29,1.0,223,Room 7,,1250.0,2023.0,1,5,Sunday,Monday,True,1250.0
06/02/2023,,Reservation,2023-05-30,2023-06-01,2023-06-04,3.0,224,Room 6,,3600.0,2023.0,2,6,Thursday,Sunday,False,1200.0
06/05/2023,,Reservation,2023-06-04,2023-06-04,2023-06-05,1.0,215,Room 6,,1200.0,2023.0,0,6,Sunday,Monday,True,1200.0
06/07/2023,,Reservation,2023-06-06,2023-06-06,2023-06-07,1.0,225,Room 7,,1150.0,2023.0,0,6,Tuesday,Wednesday,False,1150.0
06/10/2023,,Reservation,2023-06-09,2023-06-09,2023-06-10,1.0,226,Room 7,,1150.0,2023.0,0,6,Friday,Saturday,False,1150.0
06/11/2023,,Reservation,2023-06-09,2023-06-10,2023-06-11,1.0,227,Room 6,,1200.0,2023.0,1,6,Saturday,Sunday,True,1200.0
06/13/2023,,Reservation,2023-06-12,2023-06-12,2023-06-13,1.0,228,Room 6,,1200.0,2023.0,0,6,Monday,Tuesday,False,1200.0
06/14/2023,,Reservation,2023-06-12,2023-06-13,2023-06-14,1.0,229,Room 6,,1200.0,2023.0,1,6,Tuesday,Wednesday,False,1200.0
06/16/2023,,Reservation,2023-06-15,2023-06-15,2023-06-17,2.0,230,Room 6,,2400.0,2023.0,0,6,Thursday,Saturday,False,1200.0
06/17/2023,,Reservation,2023-06-16,2023-06-16,2023-06-18,2.0,231,Room 7,,2450.0,2023.0,0,6,Friday,Sunday,False,1225.0
06/18/2023,,Reservation,2023-05-24,2023-06-17,2023-06-19,2.0,232,Room 6,,2160.0,2023.0,24,6,Saturday,Monday,True,1080.0
06/20/2023,,Reservation,2023-06-19,2023-06-19,2023-06-20,1.0,233,Room 6,,1200.0,2023.0,0,6,Monday,Tuesday,False,1200.0
06/29/2023,,Reservation,2023-06-03,2023-06-28,2023-07-01,3.0,234,Room 6,,3600.0,2023.0,25,6,Wednesday,Saturday,False,1200.0
07/02/2023,,Reservation,2023-06-23,2023-07-01,2023-07-06,5.0,234,Room 6,,6000.0,2023.0,8,7,Saturday,Thursday,True,1200.0
07/07/2023,,Reservation,2023-06-16,2023-07-06,2023-07-07,1.0,235,Room 6,,1080.0,2023.0,20,7,Thursday,Friday,False,1080.0
07/08/2023,,Reservation,2023-07-06,2023-07-07,2023-07-11,4.0,236,Room 7,,4800.0,2023.0,1,7,Friday,Tuesday,False,1200.0
07/10/2023,,Reservation,2023-07-09,2023-07-09,2023-07-10,1.0,237,Room 6,,1250.0,2023.0,0,7,Sunday,Monday,True,1250.0
07/10/2023,,Reservation,2023-07-09,2023-07-09,2023-07-11,2.0,238,Room 12,,2500.0,2023.0,0,7,Sunday,Tuesday,True,1250.0
07/20/2023,,Reservation,2023-07-18,2023-07-19,2023-07-20,1.0,239,Room 6,,1180.0,2023.0,1,7,Wednesday,Thursday,False,1180.0
07/22/2023,,Reservation,2023-07-21,2023-07-21,2023-07-23,2.0,240,Room 6,,2360.0,2023.0,0,7,Friday,Sunday,False,1180.0
07/24/2023,,Reservation,2023-07-23,2023-07-23,2023-07-24,1.0,241,Room 6,,1180.0,2023.0,0,7,Sunday,Monday,True,1180.0
07/26/2023,,Reservation,2023-07-24,2023-07-25,2023-07-31,6.0,242,Room 7,,6900.0,2023.0,1,7,Tuesday,Monday,False,1150.0
07/29/2023,,Reservation,2023-07-28,2023-07-28,2023-07-29,1.0,243,Room 6,,1180.0,2023.0,0,7,Friday,Saturday,False,1180.0
08/01/2023,,Reservation,2023-07-31,2023-07-31,2023-08-01,1.0,244,Room 6,,1200.0,2023.0,0,7,Monday,Tuesday,False,1200.0
08/03/2023,,Reservation,2023-08-02,2023-08-02,2023-08-03,1.0,245,Room 6,,1200.0,2023.0,0,8,Wednesday,Thursday,False,1200.0
08/03/2023,,Reservation,2023-08-02,2023-08-02,2023-08-03,1.0,246,Room 7,,1200.0,2023.0,0,8,Wednesday,Thursday,False,1200.0
08/04/2023,,Reservation,2023-08-03,2023-08-03,2023-08-04,1.0,247,Room 6,,1200.0,2023.0,0,8,Thursday,Friday,False,1200.0
08/11/2023,,Reservation,2023-08-09,2023-08-10,2023-08-14,4.0,248,Room 7,,5200.0,2023.0,1,8,Thursday,Monday,False,1300.0
08/11/2023,,Reservation,2023-08-10,2023-08-10,2023-08-11,1.0,249,Room 6,,1200.0,2023.0,0,8,Thursday,Friday,False,1200.0
08/12/2023,,Reservation,2023-08-07,2023-08-11,2023-08-13,2.0,250,Room 6,,2400.0,2023.0,4,8,Friday,Sunday,False,1200.0
08/14/2023,,Reservation,2023-08-12,2023-08-13,2023-08-14,1.0,251,Room 6,,1200.0,2023.0,1,8,Sunday,Monday,True,1200.0
08/15/2023,,Reservation,2023-08-14,2023-08-14,2023-08-15,1.0,252,Room 6,,1200.0,2023.0,0,8,Monday,Tuesday,False,1200.0
08/16/2023,,Reservation,2023-08-15,2023-08-15,2023-08-16,1.0,253,Room 6,,1200.0,2023.0,0,8,Tuesday,Wednesday,False,1200.0
08/25/2023,,Reservation,2023-08-12,2023-08-24,2023-08-25,1.0,254,Room 6,,1300.0,2023.0,12,8,Thursday,Friday,False,1300.0
08/26/2023,,Reservation,2023-08-24,2023-08-25,2023-08-26,1.0,255,Room 6,,1150.0,2023.0,1,8,Friday,Saturday,False,1150.0
08/27/2023,,Reservation,2023-08-24,2023-08-26,2023-08-28,2.0,256,Room 7,,2300.0,2023.0,2,8,Saturday,Monday,True,1150.0
09/07/2023,,Reservation,2023-09-06,2023-09-06,2023-09-07,1.0,257,Room 6,,1300.0,2023.0,0,9,Wednesday,Thursday,False,1300.0
09/11/2023,,Reservation,2023-09-09,2023-09-10,2023-09-12,2.0,258,Room 5,,4000.0,2023.0,1,9,Sunday,Tuesday,True,2000.0
09/13/2023,,Reservation,2023-09-11,2023-09-12,2023-09-14,2.0,259,Room 6,,2600.0,2023.0,1,9,Tuesday,Thursday,False,1300.0
09/16/2023,,Reservation,2023-09-15,2023-09-15,2023-09-16,1.0,260,Room 6,,1200.0,2023.0,0,9,Friday,Saturday,False,1200.0
09/17/2023,,Reservation,2023-09-16,2023-09-16,2023-09-18,2.0,261,Room 6,,2400.0,2023.0,0,9,Saturday,Monday,True,1200.0
09/21/2023,,Reservation,2023-09-08,2023-09-20,2023-09-22,2.0,262,Room 6,,2600.0,2023.0,12,9,Wednesday,Friday,False,1300.0
09/25/2023,,Reservation,2023-09-21,2023-09-24,2023-09-25,1.0,263,Room 6,,1400.0,2023.0,3,9,Sunday,Monday,True,1400.0
09/28/2023,,Reservation,2023-09-27,2023-09-27,2023-09-28,1.0,264,Room 6,,1500.0,2023.0,0,9,Wednesday,Thursday,False,1500.0
09/29/2023,,Reservation,2023-09-07,2023-09-28,2023-09-29,1.0,265,Room 6,,1170.0,2023.0,21,9,Thursday,Friday,False,1170.0
09/29/2023,,Reservation,2023-09-28,2023-09-28,2023-09-29,1.0,266,Room 12,,1300.0,2023.0,0,9,Thursday,Friday,False,1300.0
09/30/2023,,Reservation,2023-09-29,2023-09-29,2023-09-30,1.0,267,Room 5,,1800.0,2023.0,0,9,Friday,Saturday,False,1800.0
09/30/2023,,Reservation,2023-09-29,2023-09-29,2023-09-30,1.0,268,Room 7,,1300.0,2023.0,0,9,Friday,Saturday,False,1300.0
10/07/2023,,Reservation,2023-10-01,2023-10-06,2023-10-09,3.0,269,Room 6,,8100.0,2023.0,5,10,Friday,Monday,False,2700.0
10/12/2023,,Reservation,2023-10-11,2023-10-11,2023-10-12,1.0,270,Room 6,,1300.0,2023.0,0,10,Wednesday,Thursday,False,1300.0
10/14/2023,,Reservation,2023-10-12,2023-10-13,2023-10-14,1.0,271,Room 6,,1300.0,2023.0,1,10,Friday,Saturday,False,1300.0
10/15/2023,,Reservation,2023-10-12,2023-10-14,2023-10-15,1.0,272,Room 6,,1400.0,2023.0,2,10,Saturday,Sunday,True,1400.0
10/16/2023,,Reservation,2023-10-14,2023-10-15,2023-10-16,1.0,273,Room 6,,1400.0,2023.0,1,10,Sunday,Monday,True,1400.0
10/17/2023,,Reservation,2023-10-16,2023-10-16,2023-10-17,1.0,87,Room 6,,1300.0,2023.0,0,10,Monday,Tuesday,False,1300.0
10/18/2023,,Reservation,2023-10-13,2023-10-17,2023-10-18,1.0,255,Room 6,,1300.0,2023.0,4,10,Tuesday,Wednesday,False,1300.0
10/22/2023,,Reservation,2023-10-20,2023-10-21,2023-10-24,3.0,274,Room 8,,4800.0,2023.0,1,10,Saturday,Tuesday,True,1600.0
10/23/2023,,Reservation,2023-10-20,2023-10-22,2023-10-23,1.0,275,Room 6,,1250.0,2023.0,2,10,Sunday,Monday,True,1250.0
10/24/2023,,Reservation,2023-10-23,2023-10-23,2023-10-24,1.0,276,Room 7,,1300.0,2023.0,0,10,Monday,Tuesday,False,1300.0
10/27/2023,,Reservation,2023-10-25,2023-10-26,2023-10-27,1.0,277,Room 7,,1300.0,2023.0,1,10,Thursday,Friday,False,1300.0
10/28/2023,,Reservation,2023-10-26,2023-10-27,2023-10-30,3.0,278,Room 5,,6900.0,2023.0,1,10,Friday,Monday,False,2300.0
10/28/2023,,Reservation,2023-10-25,2023-10-27,2023-10-29,2.0,279,Room 12,,2800.0,2023.0,2,10,Friday,Sunday,False,1400.0
10/28/2023,,Reservation,2023-10-24,2023-10-27,2023-11-02,6.0,280,Room 12,,9000.0,2023.0,3,10,Friday,Thursday,False,1500.0
10/29/2023,,Reservation,2023-10-28,2023-10-28,2023-10-29,1.0,281,Room 6,,1500.0,2023.0,0,10,Saturday,Sunday,True,1500.0
11/02/2023,,Reservation,2023-11-01,2023-11-01,2023-11-02,1.0,282,Room 6,,1300.0,2023.0,0,11,Wednesday,Thursday,False,1300.0
11/04/2023,,Reservation,2023-11-02,2023-11-03,2023-11-05,2.0,283,Room 6,,2900.0,2023.0,1,11,Friday,Sunday,False,1450.0
11/06/2023,,Reservation,2023-11-04,2023-11-05,2023-11-07,2.0,283,Room 6,,2800.0,2023.0,1,11,Sunday,Tuesday,True,1400.0
11/07/2023,,Reservation,2023-11-06,2023-11-06,2023-11-07,1.0,284,Room 7,,1300.0,2023.0,0,11,Monday,Tuesday,False,1300.0
11/09/2023,,Reservation,2023-11-08,2023-11-08,2023-11-10,2.0,285,Room 6,,2600.0,2023.0,0,11,Wednesday,Friday,False,1300.0
11/11/2023,,Reservation,2023-11-07,2023-11-10,2023-11-11,1.0,286,Room 7,,1300.0,2023.0,3,11,Friday,Saturday,False,1300.0
11/11/2023,,Reservation,2023-11-05,2023-11-10,2023-11-11,1.0,287,Room 6,,1400.0,2023.0,5,11,Friday,Saturday,False,1400.0
11/12/2023,,Reservation,2023-11-10,2023-11-11,2023-11-13,2.0,288,Room 6,,3000.0,2023.0,1,11,Saturday,Monday,True,1500.0
11/12/2023,,Reservation,2023-11-11,2023-11-11,2023-11-13,2.0,289,Room 5,,3600.0,2023.0,0,11,Saturday,Monday,True,1800.0
11/16/2023,,Reservation,2023-11-15,2023-11-15,2023-11-16,1.0,290,Room 6,,1550.0,2023.0,0,11,Wednesday,Thursday,False,1550.0
11/17/2023,,Reservation,2023-11-16,2023-11-16,2023-11-17,1.0,291,Room 7,,1500.0,2023.0,0,11,Thursday,Friday,False,1500.0
11/17/2023,,Reservation,2023-11-11,2023-11-16,2023-11-19,3.0,292,Room 8,,4400.0,2023.0,5,11,Thursday,Sunday,False,1466.6666666666667
11/18/2023,,Reservation,2023-11-14,2023-11-17,2023-11-18,1.0,293,Room 5,,1800.0,2023.0,3,11,Friday,Saturday,False,1800.0
11/18/2023,,Reservation,2023-11-11,2023-11-17,2023-11-18,1.0,294,Room 6,,1500.0,2023.0,6,11,Friday,Saturday,False,1500.0
11/18/2023,,Reservation,2023-10-31,2023-11-17,2023-11-29,12.0,295,Room 7,,16200.0,2023.0,17,11,Friday,Wednesday,False,1350.0
11/19/2023,,Reservation,2023-11-18,2023-11-18,2023-11-19,1.0,296,Room 6,,1500.0,2023.0,0,11,Saturday,Sunday,True,1500.0
11/19/2023,,Reservation,2023-11-11,2023-11-18,2023-11-23,5.0,297,Room 12,,7500.0,2023.0,7,11,Saturday,Thursday,True,1500.0
11/20/2023,,Reservation,2023-11-14,2023-11-19,2023-11-27,8.0,298,Room 8,,12000.0,2023.0,5,11,Sunday,Monday,True,1500.0
11/20/2023,,Reservation,2023-11-16,2023-11-19,2023-11-25,6.0,299,Room 10,,10800.0,2023.0,3,11,Sunday,Saturday,True,1800.0
11/20/2023,,Reservation,2023-11-19,2023-11-19,2023-11-20,1.0,300,Room 6,,1600.0,2023.0,0,11,Sunday,Monday,True,1600.0
11/20/2023,,Reservation,2023-11-19,2023-11-19,2023-11-25,6.0,301,Room 3,,9750.0,2023.0,0,11,Sunday,Saturday,True,1625.0
11/21/2023,,Reservation,2023-11-19,2023-11-20,2023-11-22,2.0,300,Room 2,,3600.0,2023.0,1,11,Monday,Wednesday,False,1800.0
11/21/2023,,Reservation,2023-11-15,2023-11-20,2023-11-21,1.0,302,Room 6,,1800.0,2023.0,5,11,Monday,Tuesday,False,1800.0
11/21/2023,,Reservation,2023-11-08,2023-11-20,2023-11-24,4.0,303,Room 12,,6000.0,2023.0,12,11,Monday,Friday,False,1500.0
11/23/2023,,Reservation,2023-10-24,2023-11-22,2023-11-26,4.0,304,Room 6,,6480.0,2023.0,29,11,Wednesday,Sunday,False,1620.0
11/24/2023,,Reservation,2023-11-17,2023-11-23,2023-11-26,3.0,305,Room 4,,4500.0,2023.0,6,11,Thursday,Sunday,False,1500.0
11/24/2023,,Reservation,2023-10-26,2023-11-23,2023-11-25,2.0,306,Room 12,,2700.0,2023.0,28,11,Thursday,Saturday,False,1350.0
11/26/2023,,Reservation,2023-11-23,2023-11-25,2023-11-27,2.0,307,Room 12,,3300.0,2023.0,2,11,Saturday,Monday,True,1650.0
11/27/2023,,Reservation,2023-11-26,2023-11-26,2023-11-29,3.0,308,Room 6,,5000.0,2023.0,0,11,Sunday,Wednesday,True,1666.6666666666667
11/28/2023,,Reservation,2023-11-26,2023-11-27,2023-11-28,1.0,309,Room 12,,1650.0,2023.0,1,11,Monday,Tuesday,False,1650.0
11/28/2023,,Reservation,2023-11-23,2023-11-27,2023-12-03,6.0,298,Room 8,,9300.0,2023.0,4,11,Monday,Sunday,False,1550.0
12/02/2023,,Reservation,2023-11-21,2023-12-01,2023-12-03,2.0,310,Room 12,,3000.0,2023.0,10,12,Friday,Sunday,False,1500.0
12/05/2023,,Reservation,2023-12-03,2023-12-04,2023-12-05,1.0,311,Room 6,,1500.0,2023.0,1,12,Monday,Tuesday,False,1500.0
12/07/2023,,Reservation,2023-11-18,2023-12-06,2023-12-10,4.0,312,Room 7,,5040.0,2023.0,18,12,Wednesday,Sunday,False,1260.0
12/08/2023,,Reservation,2023-12-05,2023-12-07,2023-12-10,3.0,313,Room 6,,5050.0,2023.0,2,12,Thursday,Sunday,False,1683.3333333333333
12/08/2023,,Reservation,2023-11-08,2023-12-07,2023-12-11,4.0,314,Room 5,,7920.0,2023.0,29,12,Thursday,Monday,False,1980.0
12/11/2023,,Reservation,2023-12-10,2023-12-10,2023-12-11,1.0,315,Room 6,,1600.0,2023.0,0,12,Sunday,Monday,True,1600.0
12/13/2023,,Reservation,2023-12-11,2023-12-11,2023-12-12,1.0,316,Room 6,,1700.0,2023.0,0,12,Monday,Tuesday,False,1700.0
12/14/2023,,Reservation,2023-11-25,2023-12-13,2023-12-23,10.0,317,Room 12,,13950.0,2023.0,18,12,Wednesday,Saturday,False,1395.0
12/17/2023,,Reservation,2023-12-07,2023-12-16,2023-12-20,4.0,318,Room 6,,6900.0,2023.0,9,12,Saturday,Wednesday,True,1725.0
12/17/2023,,Reservation,2023-12-07,2023-12-16,2023-12-17,1.0,319,Room 7,,1600.0,2023.0,9,12,Saturday,Sunday,True,1600.0
12/18/2023,,Reservation,2023-12-07,2023-12-17,2023-12-27,10.0,320,Room 4,,29000.0,2023.0,10,12,Sunday,Wednesday,True,2900.0
12/18/2023,,Reservation,2023-11-25,2023-12-17,2023-12-25,8.0,321,Room 8,,13284.0,2023.0,22,12,Sunday,Monday,True,1660.5
12/18/2023,,Reservation,2023-11-14,2023-12-17,2023-12-18,1.0,322,Room 7,,1260.0,2023.0,33,12,Sunday,Monday,True,1260.0
12/20/2023,,Reservation,2023-11-14,2023-12-19,2023-12-22,3.0,322,Room 7,,3780.0,2023.0,35,12,Tuesday,Friday,False,1260.0
12/22/2023,,Reservation,2023-12-16,2023-12-21,2023-12-23,2.0,323,Room 12,,5000.0,2023.0,5,12,Thursday,Saturday,False,2500.0
12/22/2023,,Reservation,2023-11-24,2023-12-21,2023-12-25,4.0,324,Room 6,,9720.0,2023.0,27,12,Thursday,Monday,False,2430.0
12/23/2023,,Reservation,2023-12-21,2023-12-22,2023-12-26,4.0,325,Room 2,,11800.0,2023.0,1,12,Friday,Tuesday,False,2950.0
12/23/2023,,Reservation,2023-12-05,2023-12-22,2023-12-24,2.0,326,Room 7,,3600.0,2023.0,17,12,Friday,Sunday,False,1800.0
12/24/2023,,Reservation,2023-12-19,2023-12-23,2023-12-25,2.0,327,Room 9,,5300.0,2023.0,4,12,Saturday,Monday,True,2650.0
12/24/2023,,Reservation,2023-12-13,2023-12-23,2023-12-24,1.0,328,Room 5,,3000.0,2023.0,10,12,Saturday,Sunday,True,3000.0
12/25/2023,,Reservation,2023-12-05,2023-12-24,2023-12-26,2.0,329,Room 5,,6570.0,2023.0,19,12,Sunday,Tuesday,True,3285.0
12/26/2023,,Reservation,2023-12-25,2023-12-25,2023-12-27,2.0,330,Room 6,,6400.0,2023.0,0,12,Monday,Wednesday,False,3200.0
12/27/2023,,Reservation,2023-12-01,2023-12-26,2023-12-30,4.0,331,Room 5,,13680.0,2023.0,25,12,Tuesday,Saturday,False,3420.0
12/29/2023,,Reservation,2023-11-26,2023-12-28,2023-12-29,1.0,332,Room 6,,2700.0,2023.0,32,12,Thursday,Friday,False,2700.0
12/30/2023,,Reservation,2023-12-13,2023-12-29,2024-01-01,3.0,333,Room 12,,10500.0,2023.0,16,12,Friday,Monday,False,3500.0
12/31/2023,,Reservation,2023-12-11,2023-12-30,2024-01-02,3.0,334,Room 8,,9720.0,2023.0,19,12,Saturday,Tuesday,True,3240.0
12/31/2023,,Reservation,2023-12-10,2023-12-30,2024-01-01,2.0,335,Room 6,,6300.0,2023.0,20,12,Saturday,Monday,True,3150.0
01/01/2024,,Reservation,2023-12-10,2023-12-31,2024-01-02,2.0,336,Room 5,,6750.0,2024.0,21,12,Sunday,Tuesday,True,3375.0
01/03/2024,,Reservation,2023-11-30,2024-01-02,2024-01-04,2.0,337,Room 8,,4500.0,2024.0,33,1,Tuesday,Thursday,False,2250.0
01/05/2024,,Reservation,2023-12-14,2024-01-04,2024-01-06,2.0,338,Room 8,,3000.0,2024.0,21,1,Thursday,Saturday,False,1500.0
01/06/2024,,Reservation,2023-08-10,2024-01-05,2024-01-08,3.0,339,Room 12,,6000.0,2024.0,148,1,Friday,Monday,False,2000.0
01/09/2024,,Reservation,2024-01-01,2024-01-06,2024-01-07,1.0,340,Room 5,,2000.0,2024.0,5,1,Saturday,Sunday,True,2000.0
01/09/2024,,Reservation,2023-12-30,2024-01-07,2024-01-14,7.0,341,Room 10,,10500.0,2024.0,8,1,Sunday,Sunday,True,1500.0
01/09/2024,,Reservation,2023-12-11,2024-01-07,2024-01-09,2.0,342,Room 6,,3300.0,2024.0,27,1,Sunday,Tuesday,True,1650.0
01/10/2024,,Reservation,2024-01-09,2024-01-09,2024-01-10,1.0,343,Room 6,,1550.0,2024.0,0,1,Tuesday,Wednesday,False,1550.0
01/11/2024,,Reservation,2024-01-10,2024-01-10,2024-01-11,1.0,344,Room 6,,1550.0,2024.0,0,1,Wednesday,Thursday,False,1550.0
01/11/2024,,Reservation,2023-12-28,2024-01-10,2024-01-14,4.0,345,Room 5,,8000.0,2024.0,13,1,Wednesday,Sunday,False,2000.0
01/13/2024,,Reservation,2024-01-11,2024-01-12,2024-01-13,1.0,346,Room 6,,1550.0,2024.0,1,1,Friday,Saturday,False,1550.0
01/13/2024,,Reservation,2024-01-12,2024-01-12,2024-01-13,1.0,347,Room 3,,1500.0,2024.0,0,1,Friday,Saturday,False,1500.0
01/14/2024,,Reservation,2024-01-13,2024-01-13,2024-01-14,1.0,348,Room 6,,1550.0,2024.0,0,1,Saturday,Sunday,True,1550.0
01/15/2024,,Reservation,2024-01-14,2024-01-14,2024-01-15,1.0,349,Room 7,,1400.0,2024.0,0,1,Sunday,Monday,True,1400.0
01/16/2024,,Reservation,2024-01-15,2024-01-15,2024-01-16,1.0,350,Room 6,,1550.0,2024.0,0,1,Monday,Tuesday,False,1550.0
01/17/2024,,Reservation,2024-01-15,2024-01-16,2024-01-19,3.0,351,Room 6,,4650.0,2024.0,1,1,Tuesday,Friday,False,1550.0
01/20/2024,,Reservation,2024-01-19,2024-01-19,2024-01-21,2.0,352,Room 7,,2800.0,2024.0,0,1,Friday,Sunday,False,1400.0
01/20/2024,,Reservation,2023-12-27,2024-01-19,2024-01-21,2.0,353,Room 7,,2700.0,2024.0,23,1,Friday,Sunday,False,1350.0
01/21/2024,,Reservation,2024-01-20,2024-01-20,2024-01-21,1.0,354,Room 12,,1500.0,2024.0,0,1,Saturday,Sunday,True,1500.0
01/22/2024,,Reservation,2024-01-18,2024-01-21,2024-01-23,2.0,355,Room 6,,3100.0,2024.0,3,1,Sunday,Tuesday,True,1550.0
01/24/2024,,Reservation,2024-01-22,2024-01-23,2024-01-29,6.0,356,Room 8,,10500.0,2024.0,1,1,Tuesday,Monday,False,1750.0
01/26/2024,,Reservation,2024-01-25,2024-01-25,2024-01-26,1.0,357,Room 7,,1400.0,2024.0,0,1,Thursday,Friday,False,1400.0
01/27/2024,,Reservation,2024-01-26,2024-01-26,2024-01-28,2.0,358,Room 5,,5600.0,2024.0,0,1,Friday,Sunday,False,2800.0
01/27/2024,,Reservation,2024-01-24,2024-01-26,2024-01-27,1.0,359,Room 6,,1700.0,2024.0,2,1,Friday,Saturday,False,1700.0
01/28/2024,,Reservation,2024-01-25,2024-01-27,2024-01-30,3.0,360,Room 6,,5100.0,2024.0,2,1,Saturday,Tuesday,True,1700.0
02/02/2024,,Reservation,2024-01-28,2024-02-01,2024-02-03,2.0,361,Room 8,,3000.0,2024.0,4,2,Thursday,Saturday,False,1500.0
02/03/2024,,Reservation,2024-01-20,2024-02-02,2024-02-03,1.0,362,Room 6,,1500.0,2024.0,13,2,Friday,Saturday,False,1500.0
02/04/2024,,Reservation,2024-02-03,2024-02-03,2024-02-04,1.0,363,Room 6,,1500.0,2024.0,0,2,Saturday,Sunday,True,1500.0
02/07/2024,,Reservation,2024-01-22,2024-02-06,2024-02-07,1.0,255,Room 6,,1500.0,2024.0,15,2,Tuesday,Wednesday,False,1500.0
02/11/2024,,Reservation,2024-02-10,2024-02-10,2024-02-11,1.0,364,Room 12,,1500.0,2024.0,0,2,Saturday,Sunday,True,1500.0
02/11/2024,,Reservation,2024-02-10,2024-02-10,2024-02-11,1.0,365,Room 6,,1500.0,2024.0,0,2,Saturday,Sunday,True,1500.0
02/12/2024,,Reservation,2023-12-29,2024-02-11,2024-02-14,3.0,366,Room 6,,4050.0,2024.0,44,2,Sunday,Wednesday,True,1350.0
02/16/2024,,Reservation,2024-02-15,2024-02-15,2024-02-16,1.0,367,Room 6,,1500.0,2024.0,0,2,Thursday,Friday,False,1500.0
03/05/2024,,Reservation,2024-03-04,2024-03-04,2024-03-05,1.0,368,Room 6,,1300.0,2024.0,0,3,Monday,Tuesday,False,1300.0
03/09/2024,,Reservation,2024-03-06,2024-03-08,2024-03-09,1.0,369,Room 6,,1300.0,2024.0,2,3,Friday,Saturday,False,1300.0
03/10/2024,,Reservation,2024-03-09,2024-03-09,2024-03-11,2.0,370,Room 6,,2600.0,2024.0,0,3,Saturday,Monday,True,1300.0
03/12/2024,,Reservation,2024-03-11,2024-03-11,2024-03-12,1.0,371,Room 6,,1300.0,2024.0,0,3,Monday,Tuesday,False,1300.0
03/16/2024,,Reservation,2024-03-15,2024-03-15,2024-03-16,1.0,372,Room 12,,1500.0,2024.0,0,3,Friday,Saturday,False,1500.0
03/17/2024,,Reservation,2024-03-14,2024-03-16,2024-03-17,1.0,373,Room 6,,1300.0,2024.0,2,3,Saturday,Sunday,True,1300.0
03/19/2024,,Reservation,2024-03-18,2024-03-18,2024-03-19,1.0,374,Room 6,,1300.0,2024.0,0,3,Monday,Tuesday,False,1300.0
03/22/2024,,Reservation,2024-03-12,2024-03-21,2024-03-22,1.0,375,Room 6,,1300.0,2024.0,9,3,Thursday,Friday,False,1300.0
04/01/2024,,Reservation,2024-03-31,2024-03-31,2024-04-01,1.0,376,Room 7,,1400.0,2024.0,0,3,Sunday,Monday,True,1400.0
04/01/2024,,Reservation,2024-03-22,2024-03-31,2024-04-04,4.0,377,Room 6,,6200.0,2024.0,9,3,Sunday,Thursday,True,1550.0
04/03/2024,,Reservation,2024-04-02,2024-04-02,2024-04-03,1.0,378,Room 12,,1200.0,2024.0,0,4,Tuesday,Wednesday,False,1200.0
04/12/2024,,Reservation,2024-04-11,2024-04-11,2024-04-12,1.0,379,Room 6,,1300.0,2024.0,0,4,Thursday,Friday,False,1300.0
04/26/2024,,Reservation,2024-04-24,2024-04-25,2024-04-26,1.0,380,Room 6,,1200.0,2024.0,1,4,Thursday,Friday,False,1200.0
05/03/2024,,Reservation,2024-05-02,2024-05-02,2024-05-03,1.0,381,Room 6,,1200.0,2024.0,0,5,Thursday,Friday,False,1200.0
05/06/2024,,Reservation,2024-05-04,2024-05-05,2024-05-06,1.0,96,Room 6,,1200.0,2024.0,1,5,Sunday,Monday,True,1200.0
05/12/2024,,Reservation,2024-05-10,2024-05-11,2024-05-12,1.0,382,Room 6,,1200.0,2024.0,1,5,Saturday,Sunday,True,1200.0
05/15/2024,,Reservation,2024-05-14,2024-05-14,2024-05-15,1.0,383,Room 6,,1200.0,2024.0,0,5,Tuesday,Wednesday,False,1200.0
05/16/2024,,Reservation,2024-05-13,2024-05-15,2024-05-16,1.0,384,Room 6,,1200.0,2024.0,2,5,Wednesday,Thursday,False,1200.0
05/25/2024,,Reservation,2024-05-24,2024-05-24,2024-05-25,1.0,385,Room 6,,1200.0,2024.0,0,5,Friday,Saturday,False,1200.0
05/28/2024,,Reservation,2024-05-25,2024-05-26,2024-05-27,1.0,96,Room 6,,1200.0,2024.0,1,5,Sunday,Monday,True,1200.0
05/29/2024,,Reservation,2024-05-28,2024-05-28,2024-05-29,1.0,386,Room 6,,1200.0,2024.0,0,5,Tuesday,Wednesday,False,1200.0
05/31/2024,,Reservation,2024-05-30,2024-05-30,2024-05-31,1.0,387,Room 6,,1200.0,2024.0,0,5,Thursday,Friday,False,1200.0
06/07/2024,,Reservation,2024-06-05,2024-06-06,2024-06-07,1.0,388,Room 6,,1300.0,2024.0,1,6,Thursday,Friday,False,1300.0
06/15/2024,,Reservation,2024-06-14,2024-06-14,2024-06-15,1.0,389,Room 6,,1200.0,2024.0,0,6,Friday,Saturday,False,1200.0
06/18/2024,,Reservation,2024-06-17,2024-06-17,2024-06-20,3.0,390,Room 6,,3600.0,2024.0,0,6,Monday,Thursday,False,1200.0
06/21/2024,,Reservation,2024-06-18,2024-06-20,2024-06-22,2.0,391,Room 6,,2400.0,2024.0,2,6,Thursday,Saturday,False,1200.0
06/23/2024,,Reservation,2024-06-22,2024-06-22,2024-06-23,1.0,99,Room 6,,1200.0,2024.0,0,6,Saturday,Sunday,True,1200.0
06/24/2024,,Reservation,2024-06-23,2024-06-23,2024-06-24,1.0,392,Room 6,,1200.0,2024.0,0,6,Sunday,Monday,True,1200.0
07/06/2024,,Reservation,2024-07-04,2024-07-05,2024-07-06,1.0,393,Room 6,,1200.0,2024.0,1,7,Friday,Saturday,False,1200.0
07/16/2024,,Reservation,2024-07-14,2024-07-15,2024-07-16,1.0,394,Room 6,,1200.0,2024.0,1,7,Monday,Tuesday,False,1200.0
07/17/2024,,Reservation,2024-07-16,2024-07-16,2024-07-17,1.0,395,Room 6,,1200.0,2024.0,0,7,Tuesday,Wednesday,False,1200.0
09/27/2024,,Reservation,2024-07-02,2024-07-19,2024-07-21,2.0,396,Room 6,,2160.0,2024.0,17,7,Friday,Sunday,False,1080.0
07/23/2024,,Reservation,2024-07-22,2024-07-22,2024-07-24,2.0,397,Room 8,,2400.0,2024.0,0,7,Monday,Wednesday,False,1200.0
07/24/2024,,Reservation,2024-07-16,2024-07-23,2024-07-24,1.0,398,Room 6,,1200.0,2024.0,7,7,Tuesday,Wednesday,False,1200.0
07/29/2024,,Reservation,2024-07-28,2024-07-28,2024-07-29,1.0,399,Room 6,,1200.0,2024.0,0,7,Sunday,Monday,True,1200.0
07/30/2024,,Reservation,2024-07-23,2024-07-29,2024-07-30,1.0,400,Room 6,,1600.0,2024.0,6,7,Monday,Tuesday,False,1600.0
08/04/2024,,Reservation,2024-08-03,2024-08-03,2024-08-04,1.0,401,Room 6,,1600.0,2024.0,0,8,Saturday,Sunday,True,1600.0
08/15/2024,,Reservation,2024-07-24,2024-08-14,2024-08-15,1.0,402,Room 6,,1440.0,2024.0,21,8,Wednesday,Thursday,False,1440.0
08/18/2024,,Reservation,2024-08-17,2024-08-17,2024-08-18,1.0,403,Room 12,,1500.0,2024.0,0,8,Saturday,Sunday,True,1500.0
08/18/2024,,Reservation,2024-08-07,2024-08-17,2024-08-18,1.0,404,Room 6,,1600.0,2024.0,10,8,Saturday,Sunday,True,1600.0
08/18/2024,,Reservation,2024-08-17,2024-08-17,2024-08-19,2.0,405,Room 8,,2800.0,2024.0,0,8,Saturday,Monday,True,1400.0
09/20/2024,,Reservation,2024-09-19,2024-09-19,2024-09-20,1.0,385,Room 6,,1300.0,2024.0,0,9,Thursday,Friday,False,1300.0
09/24/2024,,Reservation,2024-09-23,2024-09-23,2024-09-24,1.0,406,Room 6,,1300.0,2024.0,0,9,Monday,Tuesday,False,1300.0
09/29/2024,,Reservation,2024-09-28,2024-09-28,2024-09-29,1.0,407,Room 6,,1300.0,2024.0,0,9,Saturday,Sunday,True,1300.0
10/05/2024,,Reservation,2024-10-02,2024-10-04,2024-10-05,1.0,408,Room 6,,1500.0,2024.0,2,10,Friday,Saturday,False,1500.0
10/17/2024,,Reservation,2024-10-15,2024-10-16,2024-10-17,1.0,409,Room 10,,1500.0,2024.0,1,10,Wednesday,Thursday,False,1500.0
10/24/2024,,Reservation,2024-10-05,2024-10-23,2024-10-26,3.0,410,Room 12,,5040.0,2024.0,18,10,Wednesday,Saturday,False,1680.0
10/25/2024,,Reservation,2024-10-24,2024-10-24,2024-10-27,3.0,411,Room 6,,6300.0,2024.0,0,10,Thursday,Sunday,False,2100.0
11/01/2024,,Reservation,2024-10-21,2024-10-31,2024-11-01,1.0,412,Room 6,,2000.0,2024.0,10,10,Thursday,Friday,False,2000.0
11/02/2024,,Reservation,2024-11-01,2024-11-01,2024-11-02,1.0,413,Room 6,,1500.0,2024.0,0,11,Friday,Saturday,False,1500.0
11/02/2024,,Reservation,2024-10-31,2024-11-01,2024-11-02,1.0,414,Room 12,,1500.0,2024.0,1,11,Friday,Saturday,False,1500.0
11/03/2024,,Reservation,2024-11-02,2024-11-02,2024-11-03,1.0,415,Room 12,,1500.0,2024.0,0,11,Saturday,Sunday,True,1500.0
11/07/2024,,Reservation,2024-11-06,2024-11-06,2024-11-07,1.0,416,Room 6,,1500.0,2024.0,0,11,Wednesday,Thursday,False,1500.0
11/08/2024,,Reservation,2024-11-07,2024-11-07,2024-11-08,1.0,417,Room 6,,1500.0,2024.0,0,11,Thursday,Friday,False,1500.0
11/09/2024,,Reservation,2024-11-06,2024-11-08,2024-11-09,1.0,418,Room 6,,1500.0,2024.0,2,11,Friday,Saturday,False,1500.0
11/10/2024,,Reservation,2024-11-07,2024-11-09,2024-11-10,1.0,419,Room 12,,1500.0,2024.0,2,11,Saturday,Sunday,True,1500.0
11/16/2024,,Reservation,2024-11-15,2024-11-15,2024-11-20,5.0,420,Room 9,,7500.0,2024.0,0,11,Friday,Wednesday,False,1500.0
11/17/2024,,Reservation,2024-08-18,2024-11-16,2024-11-17,1.0,421,Room 6,,1500.0,2024.0,90,11,Saturday,Sunday,True,1500.0
11/19/2024,,Reservation,2024-11-17,2024-11-18,2024-11-20,2.0,422,Room 12,,3000.0,2024.0,1,11,Monday,Wednesday,False,1500.0
11/19/2024,,Reservation,2024-11-17,2024-11-18,2024-11-19,1.0,423,Room 6,,1800.0,2024.0,1,11,Monday,Tuesday,False,1800.0
11/20/2024,,Reservation,2024-11-19,2024-11-19,2024-11-20,1.0,424,Room 6,,1800.0,2024.0,0,11,Tuesday,Wednesday,False,1800.0
11/20/2024,,Reservation,2024-11-14,2024-11-19,2024-11-24,5.0,425,Room 8,,10000.0,2024.0,5,11,Tuesday,Sunday,False,2000.0
11/20/2024,,Reservation,2024-11-01,2024-11-19,2024-11-28,9.0,426,Room 2,,15750.0,2024.0,18,11,Tuesday,Thursday,False,1750.0
11/21/2024,,Reservation,2024-11-20,2024-11-20,2024-11-24,4.0,427,Room 10,,8000.0,2024.0,0,11,Wednesday,Sunday,False,2000.0
11/22/2024,,Reservation,2024-11-08,2024-11-21,2024-11-25,4.0,428,Room 6,,7200.0,2024.0,13,11,Thursday,Monday,False,1800.0
11/23/2024,,Reservation,2024-11-22,2024-11-22,2024-11-25,3.0,429,Room 3,,7500.0,2024.0,0,11,Friday,Monday,False,2500.0
11/23/2024,,Reservation,2024-10-28,2024-11-22,2024-11-26,4.0,430,Room 12,,5400.0,2024.0,25,11,Friday,Tuesday,False,1350.0
11/25/2024,,Reservation,2024-11-12,2024-11-24,2024-11-28,4.0,431,Room 8,,8000.0,2024.0,12,11,Sunday,Thursday,True,2000.0
11/27/2024,,Reservation,2024-11-26,2024-11-26,2024-11-28,2.0,432,Room 6,,4000.0,2024.0,0,11,Tuesday,Thursday,False,2000.0
11/27/2024,,Reservation,2024-11-26,2024-11-26,2024-11-27,1.0,433,Room 10,,2000.0,2024.0,0,11,Tuesday,Wednesday,False,2000.0
11/28/2024,,Reservation,2024-11-25,2024-11-27,2024-11-28,1.0,393,Room 10,,2000.0,2024.0,2,11,Wednesday,Thursday,False,2000.0
12/01/2024,,Reservation,2024-11-09,2024-11-30,2024-12-05,5.0,434,Room 8,,7200.0,2024.0,21,11,Saturday,Thursday,True,1440.0
12/05/2024,,Reservation,2024-11-12,2024-12-04,2024-12-05,1.0,435,Room 6,,1620.0,2024.0,22,12,Wednesday,Thursday,False,1620.0
12/07/2024,,Reservation,2024-12-05,2024-12-06,2024-12-08,2.0,436,Room 8,,3000.0,2024.0,1,12,Friday,Sunday,False,1500.0
12/08/2024,,Reservation,2024-12-07,2024-12-07,2024-12-08,1.0,437,Room 12,,1800.0,2024.0,0,12,Saturday,Sunday,True,1800.0
12/08/2024,,Reservation,2024-11-12,2024-12-07,2024-12-08,1.0,435,Room 6,,1800.0,2024.0,25,12,Saturday,Sunday,True,1800.0
12/09/2024,,Reservation,2024-12-08,2024-12-08,2024-12-09,1.0,438,Room 12,,1800.0,2024.0,0,12,Sunday,Monday,True,1800.0
12/09/2024,,Reservation,2024-12-06,2024-12-08,2024-12-09,1.0,439,Room 6,,2000.0,2024.0,2,12,Sunday,Monday,True,2000.0
12/09/2024,,Reservation,2024-11-05,2024-12-08,2024-12-12,4.0,337,Room 8,,5400.0,2024.0,33,12,Sunday,Thursday,True,1350.0
12/10/2024,,Reservation,2024-12-09,2024-12-09,2024-12-10,1.0,440,Room 6,,1800.0,2024.0,0,12,Monday,Tuesday,False,1800.0
12/15/2024,,Reservation,2024-11-01,2024-12-14,2024-12-22,8.0,441,Room 8,,10800.0,2024.0,43,12,Saturday,Sunday,True,1350.0
12/16/2024,,Reservation,2024-12-12,2024-12-15,2024-12-17,2.0,442,Room 6,,4000.0,2024.0,3,12,Sunday,Tuesday,True,2000.0
12/17/2024,,Reservation,2024-12-16,2024-12-16,2024-12-18,2.0,443,Room 12,,3600.0,2024.0,0,12,Monday,Wednesday,False,1800.0
12/18/2024,,Reservation,2024-12-17,2024-12-17,2024-12-18,1.0,444,Room 10,,1800.0,2024.0,0,12,Tuesday,Wednesday,False,1800.0
12/19/2024,,Reservation,2024-12-18,2024-12-18,2024-12-19,1.0,445,Room 10,,1800.0,2024.0,0,12,Wednesday,Thursday,False,1800.0
12/20/2024,,Reservation,2024-12-19,2024-12-19,2024-12-20,1.0,446,Room 12,,1800.0,2024.0,0,12,Thursday,Friday,False,1800.0
12/20/2024,,Reservation,2024-12-19,2024-12-19,2024-12-20,1.0,447,Room 6,,2000.0,2024.0,0,12,Thursday,Friday,False,2000.0
12/21/2024,,Reservation,2024-12-20,2024-12-20,2024-12-21,1.0,448,Room 6,,2000.0,2024.0,0,12,Friday,Saturday,False,2000.0
12/21/2024,,Reservation,2024-12-19,2024-12-20,2024-12-22,2.0,449,Room 10,,5000.0,2024.0,1,12,Friday,Sunday,False,2500.0
12/22/2024,,Reservation,2024-11-19,2024-12-21,2024-12-25,4.0,450,Room 6,,7560.0,2024.0,32,12,Saturday,Wednesday,True,1890.0
12/23/2024,,Reservation,2024-11-21,2024-12-22,2024-12-25,3.0,451,Room 8,,5400.0,2024.0,31,12,Sunday,Wednesday,True,1800.0
12/23/2024,,Reservation,2024-12-12,2024-12-22,2024-12-24,2.0,452,Room 10,,2000.0,2024.0,10,12,Sunday,Tuesday,True,1000.0
12/29/2024,,Reservation,2024-11-27,2024-12-28,2025-01-02,5.0,453,Room 2,,15460.0,2024.0,31,12,Saturday,Thursday,True,3092.0
12/29/2024,,Reservation,2024-11-25,2024-12-28,2024-12-31,3.0,454,Room 6,,7290.0,2024.0,33,12,Saturday,Tuesday,True,2430.0
12/29/2024,,Reservation,2024-12-14,2024-12-28,2024-12-31,3.0,455,Room 8,,10500.0,2024.0,14,12,Saturday,Tuesday,True,3500.0
01/01/2025,,Reservation,2024-12-25,2024-12-31,2025-01-01,1.0,456,Room 6,,3600.0,2025.0,6,12,Tuesday,Wednesday,False,3600.0
01/04/2025,,Reservation,2025-01-03,2025-01-03,2025-01-05,2.0,457,Room 6,,4000.0,2025.0,0,1,Friday,Sunday,False,2000.0
01/10/2025,,Reservation,2025-01-09,2025-01-09,2025-01-13,4.0,458,Room 12,,6000.0,2025.0,0,1,Thursday,Monday,False,1500.0
01/11/2025,,Reservation,2025-01-10,2025-01-10,2025-01-11,1.0,459,Room 7,,1500.0,2025.0,0,1,Friday,Saturday,False,1500.0
01/12/2025,,Reservation,2025-01-11,2025-01-11,2025-01-12,1.0,460,Room 6,,2000.0,2025.0,0,1,Saturday,Sunday,True,2000.0
01/14/2025,,Reservation,2025-01-12,2025-01-13,2025-01-14,1.0,461,Room 12,,1500.0,2025.0,1,1,Monday,Tuesday,False,1500.0
01/15/2025,,Reservation,2025-01-10,2025-01-14,2025-01-20,6.0,462,Room 2,,8000.0,2025.0,4,1,Tuesday,Monday,False,1333.3333333333333
01/15/2025,,Reservation,2025-01-10,2025-01-14,2025-01-20,6.0,462,Room 2,,1500.0,2025.0,4,1,Tuesday,Monday,False,250.0
01/15/2025,,Reservation,2025-01-11,2025-01-14,2025-01-16,2.0,463,Room 6,,3500.0,2025.0,3,1,Tuesday,Thursday,False,1750.0
01/18/2025,,Reservation,2025-01-17,2025-01-17,2025-01-18,1.0,464,Room 6,,1500.0,2025.0,0,1,Friday,Saturday,False,1500.0
01/19/2025,,Reservation,2025-01-14,2025-01-18,2025-01-19,1.0,456,Room 12,,1500.0,2025.0,4,1,Saturday,Sunday,True,1500.0
01/19/2025,,Reservation,2025-01-03,2025-01-18,2025-01-19,1.0,465,Room 6,,1350.0,2025.0,15,1,Saturday,Sunday,True,1350.0
01/20/2025,,Reservation,2025-01-19,2025-01-19,2025-01-22,3.0,466,Room 6,,4500.0,2025.0,0,1,Sunday,Wednesday,True,1500.0
01/25/2025,,Reservation,2025-01-23,2025-01-24,2025-01-25,1.0,467,Room 6,,1500.0,2025.0,1,1,Friday,Saturday,False,1500.0
01/29/2025,,Reservation,2025-01-28,2025-01-28,2025-01-29,1.0,468,Room 6,,1500.0,2025.0,0,1,Tuesday,Wednesday,False,1500.0
02/02/2025,,Reservation,2025-02-01,2025-02-01,2025-02-02,1.0,469,Room 6,,1500.0,2025.0,0,2,Saturday,Sunday,True,1500.0
02/03/2025,,Reservation,2025-01-27,2025-02-02,2025-02-06,4.0,470,Room 12,,6000.0,2025.0,6,2,Sunday,Thursday,True,1500.0
02/06/2025,,Reservation,2025-02-05,2025-02-05,2025-02-06,1.0,471,Room 6,,1500.0,2025.0,0,2,Wednesday,Thursday,False,1500.0
02/08/2025,,Reservation,2025-02-06,2025-02-07,2025-02-08,1.0,472,Room 6,,1500.0,2025.0,1,2,Friday,Saturday,False,1500.0
02/28/2025,,Reservation,2025-02-26,2025-02-27,2025-02-28,1.0,473,Room 6,,1500.0,2025.0,1,2,Thursday,Friday,False,1500.0
03/02/2025,,Reservation,2025-03-01,2025-03-01,2025-03-02,1.0,474,Room 6,,1500.0,2025.0,0,3,Saturday,Sunday,True,1500.0
03/08/2025,,Reservation,2025-03-04,2025-03-07,2025-03-08,1.0,338,Room 6,,1500.0,2025.0,3,3,Friday,Saturday,False,1500.0
03/09/2025,,Reservation,2025-03-07,2025-03-08,2025-03-09,1.0,475,Room 6,,1500.0,2025.0,1,3,Saturday,Sunday,True,1500.0
03/15/2025,,Reservation,2025-01-12,2025-03-14,2025-03-16,2.0,476,Room 6,,3000.0,2025.0,61,3,Friday,Sunday,False,1500.0
03/27/2025,,Reservation,2025-03-24,2025-03-26,2025-03-27,1.0,393,Room 6,,1500.0,2025.0,2,3,Wednesday,Thursday,False,1500.0
04/06/2025,,Reservation,2025-04-04,2025-04-05,2025-04-06,1.0,475,Room 6,,1300.0,2025.0,1,4,Saturday,Sunday,True,1300.0
04/20/2025,,Reservation,2025-04-19,2025-04-19,2025-04-20,1.0,477,Room 6,,1300.0,2025.0,0,4,Saturday,Sunday,True,1300.0
05/03/2025,,Reservation,2025-05-02,2025-05-02,2025-05-03,1.0,478,Room 6,,1300.0,2025.0,0,5,Friday,Saturday,False,1300.0
05/10/2025,,Reservation,2025-05-09,2025-05-09,2025-05-10,1.0,479,Room 6,,1300.0,2025.0,0,5,Friday,Saturday,False,1300.0
06/11/2025,,Reservation,2025-06-10,2025-06-10,2025-06-11,1.0,480,Room 6,,1300.0,2025.0,0,6,Tuesday,Wednesday,False,1300.0
06/15/2025,,Reservation,2025-06-14,2025-06-14,2025-06-15,1.0,481,Room 6,,1300.0,2025.0,0,6,Saturday,Sunday,True,1300.0
06/20/2025,,Reservation,2025-06-19,2025-06-19,2025-06-20,1.0,482,Room 6,,1300.0,2025.0,0,6,Thursday,Friday,False,1300.0
06/28/2025,,Reservation,2025-06-23,2025-06-27,2025-06-29,2.0,483,Room 6,,2600.0,2025.0,4,6,Friday,Sunday,False,1300.0
07/03/2025,,Reservation,2025-07-02,2025-07-02,2025-07-03,1.0,484,Room 6,,1300.0,2025.0,0,7,Wednesday,Thursday,False,1300.0
08/16/2025,,Reservation,2025-08-15,2025-08-15,2025-08-16,1.0,485,Room 12,,1500.0,2025.0,0,8,Friday,Saturday,False,1500.0
08/16/2025,,Reservation,2025-08-11,2025-08-15,2025-08-17,2.0,486,Room 6,,3000.0,2025.0,4,8,Friday,Sunday,False,1500.0
08/19/2025,,Reservation,2025-08-17,2025-08-18,2025-08-20,2.0,487,Room 6,,2600.0,2025.0,1,8,Monday,Wednesday,False,1300.0
08/21/2025,,Reservation,2025-08-20,2025-08-20,2025-08-21,1.0,488,Room 6,,1300.0,2025.0,0,8,Wednesday,Thursday,False,1300.0
09/30/2025,,Reservation,2025-09-29,2025-09-29,2025-10-02,3.0,489,Room 6,,4700.0,2025.0,0,9,Monday,Thursday,False,1566.6666666666667
10/02/2025,,Reservation,2025-10-01,2025-10-01,2025-10-04,3.0,490,Room 12,,5100.0,2025.0,0,10,Wednesday,Saturday,False,1700.0
10/03/2025,,Reservation,2025-10-02,2025-10-02,2025-10-03,1.0,491,Room 6,,1700.0,2025.0,0,10,Thursday,Friday,False,1700.0
10/04/2025,,Reservation,2025-10-03,2025-10-03,2025-10-04,1.0,492,Room 6,,1700.0,2025.0,0,10,Friday,Saturday,False,1700.0
10/05/2025,,Reservation,2025-09-28,2025-10-04,2025-10-07,3.0,493,Room 6,,5100.0,2025.0,6,10,Saturday,Tuesday,True,1700.0
10/11/2025,,Reservation,2025-10-06,2025-10-10,2025-10-12,2.0,494,Room 6,,3400.0,2025.0,4,10,Friday,Sunday,False,1700.0
10/24/2025,,Reservation,2025-10-11,2025-10-23,2025-10-27,4.0,495,Room 2,,9200.0,2025.0,12,10,Thursday,Monday,False,2300.0
10/26/2025,,Reservation,2025-09-23,2025-10-25,2025-10-26,1.0,496,Room 6,,1350.0,2025.0,32,10,Saturday,Sunday,True,1350.0
11/02/2025,,Reservation,2025-10-26,2025-11-01,2025-11-02,1.0,497,Room 6,,1800.0,2025.0,6,11,Saturday,Sunday,True,1800.0
11/03/2025,,Reservation,2025-10-08,2025-11-02,2025-11-12,10.0,498,Room 7,,16200.0,2025.0,25,11,Sunday,Wednesday,True,1620.0
11/03/2025,,Reservation,2025-09-23,2025-11-02,2025-11-06,4.0,499,Room 2,,6480.0,2025.0,40,11,Sunday,Thursday,True,1620.0
11/06/2025,,Reservation,2025-10-17,2025-11-05,2025-11-10,5.0,500,Room 12,,8100.0,2025.0,19,11,Wednesday,Monday,False,1620.0
11/06/2025,,Reservation,2025-10-20,2025-11-05,2025-11-10,5.0,501,Room 3,,8100.0,2025.0,16,11,Wednesday,Monday,False,1620.0
11/06/2025,,Reservation,2025-11-05,2025-11-05,2025-11-06,1.0,502,Room 6,,1800.0,2025.0,0,11,Wednesday,Thursday,False,1800.0
11/07/2025,,Reservation,2025-10-13,2025-11-06,2025-11-09,3.0,503,Room 2,,6900.0,2025.0,24,11,Thursday,Sunday,False,2300.0
11/08/2025,,Reservation,2025-09-09,2025-11-07,2025-11-11,4.0,504,Room 6,,7200.0,2025.0,59,11,Friday,Tuesday,False,1800.0
11/19/2025,,Reservation,2025-11-12,2025-11-18,2025-11-27,9.0,505,Room 6,,16200.0,2025.0,6,11,Tuesday,Thursday,False,1800.0
11/20/2025,,Reservation,2025-11-17,2025-11-19,2025-11-24,5.0,506,Room 7,,9000.0,2025.0,2,11,Wednesday,Monday,False,1800.0
11/20/2025,,Reservation,2025-11-06,2025-11-19,2025-11-24,5.0,507,Room 12,,9000.0,2025.0,13,11,Wednesday,Monday,False,1800.0
11/29/2025,,Reservation,2025-11-26,2025-11-28,2025-11-30,2.0,508,Room 6,,3600.0,2025.0,2,11,Friday,Sunday,False,1800.0
12/02/2025,,Reservation,2025-11-30,2025-12-01,2025-12-02,1.0,509,Room 6,,1800.0,2025.0,1,12,Monday,Tuesday,False,1800.0
12/03/2025,,Reservation,2025-11-22,2025-12-02,2025-12-03,1.0,510,Room 6,,1800.0,2025.0,10,12,Tuesday,Wednesday,False,1800.0
12/06/2025,,Reservation,2025-12-05,2025-12-05,2025-12-06,1.0,511,Room 12,,1600.0,2025.0,0,12,Friday,Saturday,False,1600.0
12/12/2025,,Reservation,2025-11-06,2025-12-11,2025-12-15,4.0,322,Room 6,,6480.0,2025.0,35,12,Thursday,Monday,False,1620.0
12/15/2025,,Reservation,2025-12-12,2025-12-14,2025-12-17,3.0,512,Room 7,,5400.0,2025.0,2,12,Sunday,Wednesday,True,1800.0
12/18/2025,,Reservation,2025-12-17,2025-12-17,2025-12-18,1.0,513,Room 6,,1800.0,2025.0,0,12,Wednesday,Thursday,False,1800.0
12/19/2025,,Reservation,2025-12-17,2025-12-18,2025-12-20,2.0,514,Room 12,,3600.0,2025.0,1,12,Thursday,Saturday,False,1800.0
12/19/2025,,Reservation,2025-12-16,2025-12-18,2025-12-22,4.0,515,Room 6,,8600.0,2025.0,2,12,Thursday,Monday,False,2150.0
12/21/2025,,Reservation,2025-12-17,2025-12-20,2025-12-22,2.0,515,Room 8,,5000.0,2025.0,3,12,Saturday,Monday,True,2500.0
12/24/2025,,Reservation,2025-11-16,2025-12-23,2025-12-30,7.0,516,Room 2,,16560.0,2025.0,37,12,Tuesday,Tuesday,False,2365.714285714286
12/25/2025,,Reservation,2025-12-03,2025-12-24,2026-01-07,14.0,517,Room 4,,33200.0,2025.0,21,12,Wednesday,Wednesday,False,2371.4285714285716
12/25/2025,,Reservation,2025-12-18,2025-12-24,2025-12-26,2.0,518,Room 6,,5350.0,2025.0,6,12,Wednesday,Friday,False,2675.0
12/27/2025,,Reservation,2025-12-19,2025-12-26,2025-12-27,1.0,519,Room 6,,2850.0,2025.0,7,12,Friday,Saturday,False,2850.0
12/28/2025,,Reservation,2025-12-26,2025-12-27,2025-12-31,4.0,520,Room 12,,11400.0,2025.0,1,12,Saturday,Wednesday,True,2850.0
12/28/2025,,Reservation,2025-10-11,2025-12-27,2025-12-29,2.0,307,Room 6,,5000.0,2025.0,77,12,Saturday,Monday,True,2500.0
12/29/2025,,Reservation,2025-12-05,2025-12-28,2026-01-04,7.0,521,Room 12,,15750.0,2025.0,23,12,Sunday,Sunday,True,2250.0
12/30/2025,,Reservation,2025-12-03,2025-12-29,2026-01-02,4.0,522,Room 6,,9810.0,2025.0,26,12,Monday,Friday,False,2452.5
12/31/2025,,Reservation,2025-12-27,2025-12-30,2026-01-01,2.0,523,Room 8,,5800.0,2025.0,3,12,Tuesday,Thursday,False,2900.0
01/04/2026,,Reservation,2026-01-03,2026-01-03,2026-01-04,1.0,524,Room 6,,1550.0,2026.0,0,1,Saturday,Sunday,True,1550.0
01/05/2026,,Reservation,2026-01-03,2026-01-04,2026-01-10,6.0,525,Room 8,,9300.0,2026.0,1,1,Sunday,Saturday,True,1550.0
01/05/2026,,Reservation,2026-01-03,2026-01-04,2026-01-05,1.0,526,Room 6,,1550.0,2026.0,1,1,Sunday,Monday,True,1550.0
01/08/2026,,Reservation,2026-01-03,2026-01-07,2026-01-11,4.0,527,Room 6,,6200.0,2026.0,4,1,Wednesday,Sunday,False,1550.0
01/09/2026,,Reservation,2026-01-08,2026-01-08,2026-01-09,1.0,528,Room 12,,2000.0,2026.0,0,1,Thursday,Friday,False,2000.0
01/12/2026,,Reservation,2025-12-29,2026-01-11,2026-01-15,4.0,529,Room 2,,6000.0,2026.0,13,1,Sunday,Thursday,True,1500.0
01/15/2026,,Reservation,2026-01-14,2026-01-14,2026-01-15,1.0,530,Room 6,,1500.0,2026.0,0,1,Wednesday,Thursday,False,1500.0
01/16/2026,,Reservation,2026-01-15,2026-01-15,2026-01-16,1.0,531,Room 6,,1500.0,2026.0,0,1,Thursday,Friday,False,1500.0
01/18/2026,,Reservation,2026-01-17,2026-01-17,2026-01-18,1.0,532,Room 12,,1500.0,2026.0,0,1,Saturday,Sunday,True,1500.0
01/23/2026,,Reservation,2026-01-22,2026-01-22,2026-01-23,1.0,533,Room 6,,1500.0,2026.0,0,1,Thursday,Friday,False,1500.0
01/24/2026,,Reservation,2026-01-21,2026-01-23,2026-01-25,2.0,534,Room 8,,3000.0,2026.0,2,1,Friday,Sunday,False,1500.0
01/24/2026,,Reservation,2026-01-19,2026-01-23,2026-01-25,2.0,535,Room 6,,3000.0,2026.0,4,1,Friday,Sunday,False,1500.0
01/24/2026,,Reservation,2026-01-23,2026-01-23,2026-01-24,1.0,536,Room 12,,1500.0,2026.0,0,1,Friday,Saturday,False,1500.0
01/25/2026,,Reservation,2026-01-22,2026-01-24,2026-01-25,1.0,537,Room 12,,1500.0,2026.0,2,1,Saturday,Sunday,True,1500.0
01/26/2026,,Reservation,2026-01-25,2026-01-25,2026-01-27,2.0,538,Room 11,,3000.0,2026.0,0,1,Sunday,Tuesday,True,1500.0
01/31/2026,,Reservation,2026-01-30,2026-01-30,2026-01-31,1.0,539,Room 6,,1500.0,2026.0,0,1,Friday,Saturday,False,1500.0
02/08/2026,,Reservation,2026-02-07,2026-02-07,2026-02-08,1.0,540,Room 6,,1500.0,2026.0,0,2,Saturday,Sunday,True,1500.0
02/13/2026,,Reservation,2026-02-03,2026-02-12,2026-02-13,1.0,541,Room 6,,1500.0,2026.0,9,2,Thursday,Friday,False,1500.0
02/15/2026,,Reservation,2026-02-14,2026-02-14,2026-02-15,1.0,542,Room 9,,1500.0,2026.0,0,2,Saturday,Sunday,True,1500.0
02/15/2026,,Reservation,2026-02-14,2026-02-14,2026-02-15,1.0,543,Room 6,,1500.0,2026.0,0,2,Saturday,Sunday,True,1500.0
02/17/2026,,Reservation,2026-02-16,2026-02-16,2026-02-17,1.0,544,Room 6,,1500.0,2026.0,0,2,Monday,Tuesday,False,1500.0
02/19/2026,,Reservation,2026-02-16,2026-02-18,2026-02-22,4.0,545,Room 7,,6000.0,2026.0,2,2,Wednesday,Sunday,False,1500.0
02/19/2026,,Reservation,2026-01-25,2026-02-18,2026-02-20,2.0,546,Room 6,,2700.0,2026.0,24,2,Wednesday,Friday,False,1350.0
02/21/2026,,Reservation,2026-02-20,2026-02-20,2026-02-21,1.0,547,Room 6,,1500.0,2026.0,0,2,Friday,Saturday,False,1500.0
02/27/2026,,Reservation,2026-02-26,2026-02-26,2026-02-27,1.0,548,Room 6,,1500.0,2026.0,0,2,Thursday,Friday,False,1500.0
03/02/2026,,Reservation,2026-03-01,2026-03-01,2026-03-02,1.0,549,Room 6,,1500.0,2026.0,0,3,Sunday,Monday,True,1500.0
